Dur,Proto,Dir,State,sTos,dTos,TotPkts,TotBytes,SrcBytes
3.2e-05,4,1,2877,0,0,2,148.0,74.0
4.5e-05,4,1,2877,0,0,2,148.0,74.0
4.3e-05,4,1,2877,0,0,2,148.0,74.0
4.3e-05,4,1,2877,0,0,2,148.0,74.0
0.000333,3,4,2190507,2,102,42,0.0,0.0
0.0,0,3,892,0,1,74,74.0,0.0
0.0,0,3,892,0,1,74,74.0,0.0
0.0,0,3,892,0,1,74,74.0,0.0
0.0,0,3,892,0,1,74,74.0,0.0
0.0,0,3,892,0,1,74,74.0,0.0
0.0,0,3,892,0,1,74,74.0,0.0
0.0,0,3,892,0,1,74,74.0,0.0
0.0,0,3,892,0,1,74,74.0,0.0
0.0,0,3,892,0,1,74,74.0,0.0
0.0,0,3,892,0,1,74,74.0,0.0
0.0,0,3,892,0,1,74,74.0,0.0
0.0,0,3,892,0,1,74,74.0,0.0
0.0,0,3,892,0,1,74,74.0,0.0
0.0,0,3,892,0,1,74,74.0,0.0
0.0,0,3,892,0,1,74,74.0,0.0
0.0,0,3,892,0,1,74,74.0,0.0
0.0,0,3,892,0,1,74,74.0,0.0
0.0,0,3,892,0,1,74,74.0,0.0
0.0,0,3,892,0,1,74,74.0,0.0
0.0,0,3,892,0,1,74,74.0,0.0
0.0,0,3,892,0,1,74,74.0,0.0
0.0,0,3,892,0,1,74,74.0,0.0
0.0,0,3,892,0,1,74,74.0,0.0
0.0,0,3,892,0,1,74,74.0,0.0
0.0,0,3,892,0,1,74,74.0,0.0
0.0,0,3,892,0,1,74,74.0,0.0
0.0,0,3,892,0,1,74,74.0,0.0
0.0,0,3,892,0,1,74,74.0,0.0
0.0,0,3,892,0,1,74,74.0,0.0
0.0,0,3,892,0,1,74,74.0,0.0
0.0,0,3,892,0,1,74,74.0,0.0
0.0,0,3,892,0,1,74,74.0,0.0
0.0,0,3,892,0,1,74,74.0,0.0
0.0,0,3,892,0,1,74,74.0,0.0
0.0,0,3,892,0,1,74,74.0,0.0
0.0,0,3,892,0,1,74,74.0,0.0
0.0,0,3,892,0,1,74,74.0,0.0
0.0,0,3,892,0,1,74,74.0,0.0
0.0,0,3,892,0,1,74,74.0,0.0
0.0,0,3,892,0,1,74,74.0,0.0
0.0,0,3,892,0,1,74,74.0,0.0
0.0,0,3,892,0,1,74,74.0,0.0
0.0,0,3,892,0,1,74,74.0,0.0
0.0,0,3,892,0,1,74,74.0,0.0
0.0,0,3,892,0,1,74,74.0,0.0
0.0,0,3,892,0,1,74,74.0,0.0
0.0,0,3,892,0,1,74,74.0,0.0
0.0,0,3,892,0,1,74,74.0,0.0
0.0,0,3,892,0,1,74,74.0,0.0
0.0,0,3,892,0,1,74,74.0,0.0
0.0,0,3,892,0,1,74,74.0,0.0
0.0,0,3,892,0,1,74,74.0,0.0
0.0,0,3,892,0,1,74,74.0,0.0
0.0,0,3,892,0,1,74,74.0,0.0
0.0,0,3,892,0,1,74,74.0,0.0
0.0,0,3,892,0,1,74,74.0,0.0
0.0,0,3,892,0,1,74,74.0,0.0
0.0,0,3,892,0,1,74,74.0,0.0
0.0,0,3,892,0,1,74,74.0,0.0
0.0,0,3,892,0,1,74,74.0,0.0
0.0,0,3,892,0,1,74,74.0,0.0
0.0,0,3,892,0,1,74,74.0,0.0
0.0,0,3,892,0,1,74,74.0,0.0
0.0,0,3,892,0,1,74,74.0,0.0
0.0,0,3,892,0,1,74,74.0,0.0
0.0,0,3,892,0,1,74,74.0,0.0
0.0,0,3,892,0,1,74,74.0,0.0
0.0,0,3,892,0,1,74,74.0,0.0
0.0,0,3,892,0,1,74,74.0,0.0
0.0,0,3,892,0,1,74,74.0,0.0
0.0,0,3,892,0,1,74,74.0,0.0
0.0,0,3,892,0,1,74,74.0,0.0
0.0,0,3,892,0,1,74,74.0,0.0
0.0,0,3,892,0,1,74,74.0,0.0
0.0,0,3,892,0,1,74,74.0,0.0
0.0,0,3,892,0,1,74,74.0,0.0
0.0,0,3,892,0,1,74,74.0,0.0
0.0,0,3,892,0,1,74,74.0,0.0
0.0,0,3,892,0,1,74,74.0,0.0
0.0,0,3,892,0,1,74,74.0,0.0
0.0,0,3,892,0,1,74,74.0,0.0
0.0,0,3,892,0,1,74,74.0,0.0
0.0,0,3,892,0,1,74,74.0,0.0
0.0,0,3,892,0,1,74,74.0,0.0
0.0,0,3,892,0,1,74,74.0,0.0
0.0,0,3,892,0,1,74,74.0,0.0
0.0,0,3,892,0,1,74,74.0,0.0
0.0,0,3,892,0,1,74,74.0,0.0
0.0,0,3,892,0,1,74,74.0,0.0
0.0,0,3,892,0,1,74,74.0,0.0
0.0,0,3,892,0,1,74,74.0,0.0
0.0,0,3,892,0,1,74,74.0,0.0
0.0,0,3,892,0,1,74,74.0,0.0
0.0,0,3,892,0,1,74,74.0,0.0
0.0,0,3,892,0,1,74,74.0,0.0
0.0,0,3,892,0,1,74,74.0,0.0
0.0,0,3,892,0,1,74,74.0,0.0
0.0,0,3,892,0,1,74,74.0,0.0
0.0,0,3,892,0,1,74,74.0,0.0
0.0,0,3,892,0,1,74,74.0,0.0
0.0,0,3,892,0,1,74,74.0,0.0
0.0,0,3,892,0,1,74,74.0,0.0
0.0,0,3,892,0,1,74,74.0,0.0
0.0,0,3,892,0,1,74,74.0,0.0
0.0,0,3,892,0,1,74,74.0,0.0
0.0,0,3,892,0,1,74,74.0,0.0
0.0,0,3,892,0,1,74,74.0,0.0
0.0,0,3,892,0,1,74,74.0,0.0
0.0,0,3,892,0,1,74,74.0,0.0
0.0,0,3,892,0,1,74,74.0,0.0
0.0,0,3,892,0,1,74,74.0,0.0
0.0,0,3,892,0,1,74,74.0,0.0
0.0,0,3,892,0,1,74,74.0,0.0
0.0,0,3,892,0,1,74,74.0,0.0
0.0,0,3,892,0,1,74,74.0,0.0
0.0,0,3,892,0,1,74,74.0,0.0
0.0,0,3,892,0,1,74,74.0,0.0
0.0,0,3,892,0,1,74,74.0,0.0
0.0,0,3,892,0,1,74,74.0,0.0
0.0,0,3,892,0,1,74,74.0,0.0
0.0,0,3,892,0,1,74,74.0,0.0
0.0,0,3,892,0,1,74,74.0,0.0
0.0,0,3,892,0,1,74,74.0,0.0
0.0,0,3,892,0,1,74,74.0,0.0
0.0,0,3,892,0,1,74,74.0,0.0
0.0,0,3,892,0,1,74,74.0,0.0
0.0,0,3,892,0,1,74,74.0,0.0
0.0,0,3,892,0,1,74,74.0,0.0
0.0,0,3,892,0,1,74,74.0,0.0
0.0,0,3,892,0,1,74,74.0,0.0
0.0,0,3,892,0,1,74,74.0,0.0
0.0,0,3,892,0,1,74,74.0,0.0
0.0,0,3,892,0,1,74,74.0,0.0
0.0,0,3,892,0,1,74,74.0,0.0
0.0,0,3,892,0,1,74,74.0,0.0
0.0,0,3,892,0,1,74,74.0,0.0
0.0,0,3,892,0,1,74,74.0,0.0
0.0,0,3,892,0,1,74,74.0,0.0
0.0,0,3,892,0,1,74,74.0,0.0
0.0,0,3,892,0,1,74,74.0,0.0
1.000826,0,3,892,0,2,148,148.0,0.0
1.000677,0,3,892,0,2,148,148.0,0.0
1.000418,0,3,892,0,2,148,148.0,0.0
0.0,0,3,892,0,1,74,74.0,0.0
0.0,0,3,892,0,1,74,74.0,0.0
0.0,0,3,892,0,1,74,74.0,0.0
0.0,0,3,892,0,1,74,74.0,0.0
0.0,0,3,892,0,1,74,74.0,0.0
0.0,0,3,892,0,1,74,74.0,0.0
0.0,0,3,892,0,1,74,74.0,0.0
0.0,0,3,892,0,1,74,74.0,0.0
0.0,0,3,892,0,1,74,74.0,0.0
0.0,0,3,892,0,1,74,74.0,0.0
0.0,0,3,892,0,1,74,74.0,0.0
0.0,0,3,892,0,1,74,74.0,0.0
0.0,0,3,892,0,1,74,74.0,0.0
0.0,0,3,892,0,1,74,74.0,0.0
0.0,0,3,892,0,1,74,74.0,0.0
0.0,0,3,892,0,1,74,74.0,0.0
0.0,0,3,892,0,1,74,74.0,0.0
0.0,0,3,892,0,1,74,74.0,0.0
0.0,0,3,892,0,1,74,74.0,0.0
0.0,0,3,892,0,1,74,74.0,0.0
0.0,0,3,892,0,1,74,74.0,0.0
0.0,0,3,892,0,1,74,74.0,0.0
0.0,0,3,892,0,1,74,74.0,0.0
0.0,0,3,892,0,1,74,74.0,0.0
0.0,0,3,892,0,1,74,74.0,0.0
0.0,0,3,892,0,1,74,74.0,0.0
0.0,0,3,892,0,1,74,74.0,0.0
0.0,0,3,892,0,1,74,74.0,0.0
0.0,0,3,892,0,1,74,74.0,0.0
0.0,0,3,892,0,1,74,74.0,0.0
0.0,0,3,892,0,1,74,74.0,0.0
0.0,0,3,892,0,1,74,74.0,0.0
0.0,0,3,892,0,1,74,74.0,0.0
0.0,0,3,892,0,1,74,74.0,0.0
0.0,0,3,892,0,1,74,74.0,0.0
0.0,0,3,892,0,1,74,74.0,0.0
0.0,0,3,892,0,1,74,74.0,0.0
0.0,0,3,892,0,1,74,74.0,0.0
0.0,0,3,892,0,1,74,74.0,0.0
0.0,0,3,892,0,1,74,74.0,0.0
0.0,0,3,892,0,1,74,74.0,0.0
0.0,0,3,892,0,1,74,74.0,0.0
0.0,0,3,892,0,1,74,74.0,0.0
0.0,0,3,892,0,1,74,74.0,0.0
0.0,0,3,892,0,1,74,74.0,0.0
0.0,0,3,892,0,1,74,74.0,0.0
0.0,0,3,892,0,1,74,74.0,0.0
0.0,0,3,892,0,1,74,74.0,0.0
0.0,0,3,892,0,1,74,74.0,0.0
0.0,0,3,892,0,1,74,74.0,0.0
0.0,0,3,892,0,1,74,74.0,0.0
0.0,0,3,892,0,1,74,74.0,0.0
0.0,0,3,892,0,1,74,74.0,0.0
0.0,0,3,892,0,1,74,74.0,0.0
0.0,0,3,892,0,1,74,74.0,0.0
0.0,0,3,892,0,1,74,74.0,0.0
0.0,0,3,892,0,1,74,74.0,0.0
0.0,0,3,892,0,1,74,74.0,0.0
0.0,0,3,892,0,1,74,74.0,0.0
0.0,0,3,892,0,1,74,74.0,0.0
0.0,0,3,892,0,1,74,74.0,0.0
0.0,0,3,892,0,1,74,74.0,0.0
0.0,0,3,892,0,1,74,74.0,0.0
0.0,0,3,892,0,1,74,74.0,0.0
0.0,0,3,892,0,1,74,74.0,0.0
0.0,0,3,892,0,1,74,74.0,0.0
0.0,0,3,892,0,1,74,74.0,0.0
0.0,0,3,892,0,1,74,74.0,0.0
0.0,0,3,892,0,1,74,74.0,0.0
0.0,0,3,892,0,1,74,74.0,0.0
0.0,0,3,892,0,1,74,74.0,0.0
0.0,0,3,892,0,1,74,74.0,0.0
0.0,0,3,892,0,1,74,74.0,0.0
0.0,0,3,892,0,1,74,74.0,0.0
0.0,0,3,892,0,1,74,74.0,0.0
0.0,0,3,892,0,1,74,74.0,0.0
0.0,0,3,892,0,1,74,74.0,0.0
0.0,0,3,892,0,1,74,74.0,0.0
0.0,0,3,892,0,1,74,74.0,0.0
0.0,0,3,892,0,1,74,74.0,0.0
0.0,0,3,892,0,1,74,74.0,0.0
0.0,0,3,892,0,1,74,74.0,0.0
0.0,0,3,892,0,1,74,74.0,0.0
0.0,0,3,892,0,1,74,74.0,0.0
0.0,0,3,892,0,1,74,74.0,0.0
0.0,0,3,892,0,1,74,74.0,0.0
0.0,0,3,892,0,1,74,74.0,0.0
0.0,0,3,892,0,1,74,74.0,0.0
0.0,0,3,892,0,1,74,74.0,0.0
0.0,0,3,892,0,1,74,74.0,0.0
0.0,0,3,892,0,1,74,74.0,0.0
0.0,0,3,892,0,1,74,74.0,0.0
0.0,0,3,892,0,1,74,74.0,0.0
0.0,0,3,892,0,1,74,74.0,0.0
0.0,0,3,892,0,1,74,74.0,0.0
0.0,0,3,892,0,1,74,74.0,0.0
0.0,0,3,892,0,1,74,74.0,0.0
0.0,0,3,892,0,1,74,74.0,0.0
0.0,0,3,892,0,1,74,74.0,0.0
0.0,0,3,892,0,1,74,74.0,0.0
0.0,0,3,892,0,1,74,74.0,0.0
0.0,0,3,892,0,1,74,74.0,0.0
0.0,0,3,892,0,1,74,74.0,0.0
0.0,0,3,892,0,1,74,74.0,0.0
0.0,0,3,892,0,1,74,74.0,0.0
0.0,0,3,892,0,1,74,74.0,0.0
0.0,0,3,892,0,1,74,74.0,0.0
0.0,0,3,892,0,1,74,74.0,0.0
0.0,0,3,892,0,1,74,74.0,0.0
0.0,0,3,892,0,1,74,74.0,0.0
0.0,0,3,892,0,1,74,74.0,0.0
0.0,0,3,892,0,1,74,74.0,0.0
0.0,0,3,892,0,1,74,74.0,0.0
0.0,0,3,892,0,1,74,74.0,0.0
0.0,0,3,892,0,1,74,74.0,0.0
0.0,0,3,892,0,1,74,74.0,0.0
0.0,0,3,892,0,1,74,74.0,0.0
0.0,0,3,892,0,1,74,74.0,0.0
0.0,0,3,892,0,1,74,74.0,0.0
0.0,0,3,892,0,1,74,74.0,0.0
0.0,0,3,892,0,1,74,74.0,0.0
0.0,0,3,892,0,1,74,74.0,0.0
0.0,0,3,892,0,1,74,74.0,0.0
0.0,0,3,892,0,1,74,74.0,0.0
0.0,0,3,892,0,1,74,74.0,0.0
0.0,0,3,892,0,1,74,74.0,0.0
0.0,0,3,892,0,1,74,74.0,0.0
0.0,0,3,892,0,1,74,74.0,0.0
0.0,0,3,892,0,1,74,74.0,0.0
0.0,0,3,892,0,1,74,74.0,0.0
0.0,0,3,892,0,1,74,74.0,0.0
0.0,0,3,892,0,1,74,74.0,0.0
0.0,0,3,892,0,1,74,74.0,0.0
0.0,0,3,892,0,1,74,74.0,0.0
0.0,0,3,892,0,1,74,74.0,0.0
0.0,0,3,892,0,1,74,74.0,0.0
0.0,0,3,892,0,1,74,74.0,0.0
0.0,0,3,892,0,1,74,74.0,0.0
0.0,0,3,892,0,1,74,74.0,0.0
0.0,0,3,892,0,1,74,74.0,0.0
0.0,0,3,892,0,1,74,74.0,0.0
0.0,0,3,892,0,1,74,74.0,0.0
0.0,0,3,892,0,1,74,74.0,0.0
0.0,0,3,892,0,1,74,74.0,0.0
0.0,0,3,892,0,1,74,74.0,0.0
0.0,0,3,892,0,1,74,74.0,0.0
0.0,0,3,892,0,1,74,74.0,0.0
0.0,0,3,892,0,1,74,74.0,0.0
0.0,0,3,892,0,1,74,74.0,0.0
0.0,0,3,892,0,1,74,74.0,0.0
0.0,0,3,892,0,1,74,74.0,0.0
0.0,0,3,892,0,1,74,74.0,0.0
0.0,0,3,892,0,1,74,74.0,0.0
0.0,0,3,892,0,1,74,74.0,0.0
0.0,0,3,892,0,1,74,74.0,0.0
0.0,0,3,892,0,1,74,74.0,0.0
0.0,0,3,892,0,1,74,74.0,0.0
0.000959,3,4,2190507,2,102,42,0.0,0.0
0.0,0,3,892,0,1,74,74.0,0.0
0.0,0,3,892,0,1,74,74.0,0.0
0.0,0,3,892,0,1,74,74.0,0.0
0.0,0,3,892,0,1,74,74.0,0.0
0.0,0,3,892,0,1,74,74.0,0.0
0.0,0,3,892,0,1,74,74.0,0.0
0.0,0,3,892,0,1,74,74.0,0.0
0.0,0,3,892,0,1,74,74.0,0.0
0.0,0,3,892,0,1,74,74.0,0.0
0.0,0,3,892,0,1,74,74.0,0.0
0.0,0,3,892,0,1,74,74.0,0.0
0.0,0,3,892,0,1,74,74.0,0.0
0.0,0,3,892,0,1,74,74.0,0.0
0.0,0,3,892,0,1,74,74.0,0.0
0.0,0,3,892,0,1,74,74.0,0.0
0.0,0,3,892,0,1,74,74.0,0.0
0.0,0,3,892,0,1,74,74.0,0.0
0.0,0,3,892,0,1,74,74.0,0.0
0.0,0,3,892,0,1,74,74.0,0.0
0.0,0,3,892,0,1,74,74.0,0.0
0.0,0,3,892,0,1,74,74.0,0.0
0.0,0,3,892,0,1,74,74.0,0.0
0.0,0,3,892,0,1,74,74.0,0.0
0.0,0,3,892,0,1,74,74.0,0.0
0.0,0,3,892,0,1,74,74.0,0.0
0.0,0,3,892,0,1,74,74.0,0.0
0.0,0,3,892,0,1,74,74.0,0.0
0.0,0,3,892,0,1,74,74.0,0.0
0.0,0,3,892,0,1,74,74.0,0.0
0.0,0,3,892,0,1,74,74.0,0.0
0.0,0,3,892,0,1,74,74.0,0.0
0.0,0,3,892,0,1,74,74.0,0.0
0.0,0,3,892,0,1,74,74.0,0.0
0.0,0,3,892,0,1,74,74.0,0.0
0.0,0,3,892,0,1,74,74.0,0.0
0.0,0,3,892,0,1,74,74.0,0.0
0.0,0,3,892,0,1,74,74.0,0.0
0.0,0,3,892,0,1,74,74.0,0.0
0.0,0,3,892,0,1,74,74.0,0.0
0.0,0,3,892,0,1,74,74.0,0.0
0.0,0,3,892,0,1,74,74.0,0.0
0.0,0,3,892,0,1,74,74.0,0.0
0.0,0,3,892,0,1,74,74.0,0.0
0.0,0,3,892,0,1,74,74.0,0.0
0.0,0,3,892,0,1,74,74.0,0.0
0.0,0,3,892,0,1,74,74.0,0.0
0.0,0,3,892,0,1,74,74.0,0.0
0.0,0,3,892,0,1,74,74.0,0.0
0.0,0,3,892,0,1,74,74.0,0.0
0.0,0,3,892,0,1,74,74.0,0.0
0.0,0,3,892,0,1,74,74.0,0.0
0.0,0,3,892,0,1,74,74.0,0.0
0.0,0,3,892,0,1,74,74.0,0.0
0.0,0,3,892,0,1,74,74.0,0.0
0.0,0,3,892,0,1,74,74.0,0.0
0.0,0,3,892,0,1,74,74.0,0.0
0.0,0,3,892,0,1,74,74.0,0.0
0.0,0,3,892,0,1,74,74.0,0.0
0.0,0,3,892,0,1,74,74.0,0.0
0.0,0,3,892,0,1,74,74.0,0.0
0.0,0,3,892,0,1,74,74.0,0.0
0.0,0,3,892,0,1,74,74.0,0.0
0.0,0,3,892,0,1,74,74.0,0.0
0.0,0,3,892,0,1,74,74.0,0.0
0.0,0,3,892,0,1,74,74.0,0.0
0.0,0,3,892,0,1,74,74.0,0.0
0.0,0,3,892,0,1,74,74.0,0.0
0.0,0,3,892,0,1,74,74.0,0.0
0.0,0,3,892,0,1,74,74.0,0.0
0.0,0,3,892,0,1,74,74.0,0.0
0.0,0,3,892,0,1,74,74.0,0.0
0.0,0,3,892,0,1,74,74.0,0.0
0.0,0,3,892,0,1,74,74.0,0.0
0.0,0,3,892,0,1,74,74.0,0.0
0.0,0,3,892,0,1,74,74.0,0.0
0.0,0,3,892,0,1,74,74.0,0.0
0.0,0,3,892,0,1,74,74.0,0.0
0.0,0,3,892,0,1,74,74.0,0.0
0.0,0,3,892,0,1,74,74.0,0.0
0.0,0,3,892,0,1,74,74.0,0.0
0.0,0,3,892,0,1,74,74.0,0.0
0.0,0,3,892,0,1,74,74.0,0.0
0.0,0,3,892,0,1,74,74.0,0.0
0.0,0,3,892,0,1,74,74.0,0.0
0.0,0,3,892,0,1,74,74.0,0.0
0.0,0,3,892,0,1,74,74.0,0.0
0.0,0,3,892,0,1,74,74.0,0.0
0.0,0,3,892,0,1,74,74.0,0.0
0.0,0,3,892,0,1,74,74.0,0.0
0.0,0,3,892,0,1,74,74.0,0.0
0.0,0,3,892,0,1,74,74.0,0.0
0.0,0,3,892,0,1,74,74.0,0.0
0.0,0,3,892,0,1,74,74.0,0.0
0.0,0,3,892,0,1,74,74.0,0.0
0.0,0,3,892,0,1,74,74.0,0.0
0.0,0,3,892,0,1,74,74.0,0.0
0.0,0,3,892,0,1,74,74.0,0.0
0.0,0,3,892,0,1,74,74.0,0.0
0.0,0,3,892,0,1,74,74.0,0.0
0.0,0,3,892,0,1,74,74.0,0.0
0.0,0,3,892,0,1,74,74.0,0.0
0.0,0,3,892,0,1,74,74.0,0.0
0.0,0,3,892,0,1,74,74.0,0.0
0.0,0,3,892,0,1,74,74.0,0.0
0.0,0,3,892,0,1,74,74.0,0.0
0.0,0,3,892,0,1,74,74.0,0.0
0.0,0,3,892,0,1,74,74.0,0.0
0.0,0,3,892,0,1,74,74.0,0.0
0.0,0,3,892,0,1,74,74.0,0.0
0.0,0,3,892,0,1,74,74.0,0.0
0.0,0,3,892,0,1,74,74.0,0.0
0.0,0,3,892,0,1,74,74.0,0.0
0.0,0,3,892,0,1,74,74.0,0.0
0.0,0,3,892,0,1,74,74.0,0.0
0.0,0,3,892,0,1,74,74.0,0.0
0.0,0,3,892,0,1,74,74.0,0.0
0.0,0,3,892,0,1,74,74.0,0.0
0.0,0,3,892,0,1,74,74.0,0.0
0.0,0,3,892,0,1,74,74.0,0.0
0.0,0,3,892,0,1,74,74.0,0.0
1.008773,0,3,892,0,2,148,148.0,0.0
1.0086549999999999,0,3,892,0,2,148,148.0,0.0
1.008473,0,3,892,0,2,148,148.0,0.0
1.008391,0,3,892,0,2,148,148.0,0.0
1.008116,0,3,892,0,2,148,148.0,0.0
1.00801,0,3,892,0,2,148,148.0,0.0
1.007806,0,3,892,0,2,148,148.0,0.0
1.0077049999999999,0,3,892,0,2,148,148.0,0.0
1.007426,0,3,892,0,2,148,148.0,0.0
1.007287,0,3,892,0,2,148,148.0,0.0
0.0,0,3,892,0,1,74,74.0,0.0
0.0,0,3,892,0,1,74,74.0,0.0
0.0,0,3,892,0,1,74,74.0,0.0
0.0,0,3,892,0,1,74,74.0,0.0
0.0,0,3,892,0,1,74,74.0,0.0
0.0,0,3,892,0,1,74,74.0,0.0
0.0,0,3,892,0,1,74,74.0,0.0
0.0,0,3,892,0,1,74,74.0,0.0
0.0,0,3,892,0,1,74,74.0,0.0
0.0,0,3,892,0,1,74,74.0,0.0
0.0,0,3,892,0,1,74,74.0,0.0
0.0,0,3,892,0,1,74,74.0,0.0
0.0,0,3,892,0,1,74,74.0,0.0
0.0,0,3,892,0,1,74,74.0,0.0
0.0,0,3,892,0,1,74,74.0,0.0
0.0,0,3,892,0,1,74,74.0,0.0
0.0,0,3,892,0,1,74,74.0,0.0
0.0,0,3,892,0,1,74,74.0,0.0
0.0,0,3,892,0,1,74,74.0,0.0
0.0,0,3,892,0,1,74,74.0,0.0
0.0,0,3,892,0,1,74,74.0,0.0
0.0,0,3,892,0,1,74,74.0,0.0
0.0,0,3,892,0,1,74,74.0,0.0
0.0,0,3,892,0,1,74,74.0,0.0
0.0,0,3,892,0,1,74,74.0,0.0
0.0,0,3,892,0,1,74,74.0,0.0
0.0,0,3,892,0,1,74,74.0,0.0
0.0,0,3,892,0,1,74,74.0,0.0
0.0,0,3,892,0,1,74,74.0,0.0
0.0,0,3,892,0,1,74,74.0,0.0
0.0,0,3,892,0,1,74,74.0,0.0
0.0,0,3,892,0,1,74,74.0,0.0
0.0,0,3,892,0,1,74,74.0,0.0
0.0,0,3,892,0,1,74,74.0,0.0
0.0,0,3,892,0,1,74,74.0,0.0
0.0,0,3,892,0,1,74,74.0,0.0
0.0,0,3,892,0,1,74,74.0,0.0
0.0,0,3,892,0,1,74,74.0,0.0
0.0,0,3,892,0,1,74,74.0,0.0
0.0,0,3,892,0,1,74,74.0,0.0
1.0245819999999999,0,3,892,0,2,148,148.0,0.0
1.024469,0,3,892,0,2,148,148.0,0.0
1.024319,0,3,892,0,2,148,148.0,0.0
1.0241870000000002,0,3,892,0,2,148,148.0,0.0
1.024059,0,3,892,0,2,148,148.0,0.0
1.023927,0,3,892,0,2,148,148.0,0.0
1.023824,0,3,892,0,2,148,148.0,0.0
1.023683,0,3,892,0,2,148,148.0,0.0
1.023534,0,3,892,0,2,148,148.0,0.0
1.023287,0,3,892,0,2,148,148.0,0.0
0.0,0,3,892,0,1,74,74.0,0.0
0.0,0,3,892,0,1,74,74.0,0.0
0.0,0,3,892,0,1,74,74.0,0.0
0.0,0,3,892,0,1,74,74.0,0.0
0.0,0,3,892,0,1,74,74.0,0.0
0.0,0,3,892,0,1,74,74.0,0.0
0.0,0,3,892,0,1,74,74.0,0.0
0.0,0,3,892,0,1,74,74.0,0.0
0.0,0,3,892,0,1,74,74.0,0.0
0.0,0,3,892,0,1,74,74.0,0.0
0.0,0,3,892,0,1,74,74.0,0.0
0.0,0,3,892,0,1,74,74.0,0.0
0.0,0,3,892,0,1,74,74.0,0.0
0.0,0,3,892,0,1,74,74.0,0.0
0.0,0,3,892,0,1,74,74.0,0.0
0.0,0,3,892,0,1,74,74.0,0.0
0.0,0,3,892,0,1,74,74.0,0.0
0.0,0,3,892,0,1,74,74.0,0.0
0.0,0,3,892,0,1,74,74.0,0.0
0.0,0,3,892,0,1,74,74.0,0.0
0.0,0,3,892,0,1,74,74.0,0.0
0.0,0,3,892,0,1,74,74.0,0.0
0.0,0,3,892,0,1,74,74.0,0.0
0.0,0,3,892,0,1,74,74.0,0.0
0.0,0,3,892,0,1,74,74.0,0.0
0.0,0,3,892,0,1,74,74.0,0.0
0.0,0,3,892,0,1,74,74.0,0.0
0.0,0,3,892,0,1,74,74.0,0.0
0.0,0,3,892,0,1,74,74.0,0.0
0.0,0,3,892,0,1,74,74.0,0.0
0.013491999999999999,1,1,2190507,0,0,2,932.0,342.0
0.0,0,3,892,0,1,74,74.0,0.0
0.0,0,3,892,0,1,74,74.0,0.0
0.0,0,3,892,0,1,74,74.0,0.0
0.0,0,3,892,0,1,74,74.0,0.0
0.0,0,3,892,0,1,74,74.0,0.0
0.0,0,3,892,0,1,74,74.0,0.0
0.0,0,3,892,0,1,74,74.0,0.0
0.0,0,3,892,0,1,74,74.0,0.0
0.0,0,3,892,0,1,74,74.0,0.0
0.0,0,3,892,0,1,74,74.0,0.0
0.0,0,3,892,0,1,74,74.0,0.0
0.0,0,3,892,0,1,74,74.0,0.0
0.0,0,3,892,0,1,74,74.0,0.0
0.0,0,3,892,0,1,74,74.0,0.0
0.0,0,3,892,0,1,74,74.0,0.0
0.0,0,3,892,0,1,74,74.0,0.0
0.0,0,3,892,0,1,74,74.0,0.0
0.0,0,3,892,0,1,74,74.0,0.0
0.0,0,3,892,0,1,74,74.0,0.0
0.0,0,3,892,0,1,74,74.0,0.0
0.0,0,3,892,0,1,74,74.0,0.0
0.0,0,3,892,0,1,74,74.0,0.0
0.0,0,3,892,0,1,74,74.0,0.0
0.0,0,3,892,0,1,74,74.0,0.0
0.0,0,3,892,0,1,74,74.0,0.0
0.0,0,3,892,0,1,74,74.0,0.0
0.0,0,3,892,0,1,74,74.0,0.0
0.0,0,3,892,0,1,74,74.0,0.0
0.0,0,3,892,0,1,74,74.0,0.0
0.0,0,3,892,0,1,74,74.0,0.0
1.00996,0,3,892,0,2,148,148.0,0.0
1.009818,0,3,892,0,2,148,148.0,0.0
1.0097399999999999,0,3,892,0,2,148,148.0,0.0
1.0095690000000002,0,3,892,0,2,148,148.0,0.0
1.009491,0,3,892,0,2,148,148.0,0.0
1.0093159999999999,0,3,892,0,2,148,148.0,0.0
1.009149,0,3,892,0,2,148,148.0,0.0
1.008999,0,3,892,0,2,148,148.0,0.0
1.008921,0,3,892,0,2,148,148.0,0.0
1.008483,0,3,892,0,2,148,148.0,0.0
0.0,0,3,892,0,1,74,74.0,0.0
0.0,0,3,892,0,1,74,74.0,0.0
0.0,0,3,892,0,1,74,74.0,0.0
0.0,0,3,892,0,1,74,74.0,0.0
0.0,0,3,892,0,1,74,74.0,0.0
0.0,0,3,892,0,1,74,74.0,0.0
0.0,0,3,892,0,1,74,74.0,0.0
0.0,0,3,892,0,1,74,74.0,0.0
0.0,0,3,892,0,1,74,74.0,0.0
0.0,0,3,892,0,1,74,74.0,0.0
0.0005690000000000001,3,4,2190507,2,102,42,0.0,0.0
0.0,0,3,892,0,1,74,74.0,0.0
0.0,0,3,892,0,1,74,74.0,0.0
0.0,0,3,892,0,1,74,74.0,0.0
0.0,0,3,892,0,1,74,74.0,0.0
0.0,0,3,892,0,1,74,74.0,0.0
0.0,0,3,892,0,1,74,74.0,0.0
0.0,0,3,892,0,1,74,74.0,0.0
0.0,0,3,892,0,1,74,74.0,0.0
0.0,0,3,892,0,1,74,74.0,0.0
0.0,0,3,892,0,1,74,74.0,0.0
0.0,0,3,892,0,1,74,74.0,0.0
0.0,0,3,892,0,1,74,74.0,0.0
0.0,0,3,892,0,1,74,74.0,0.0
0.0,0,3,892,0,1,74,74.0,0.0
0.0,0,3,892,0,1,74,74.0,0.0
0.0,0,3,892,0,1,74,74.0,0.0
0.0,0,3,892,0,1,74,74.0,0.0
0.0,0,3,892,0,1,74,74.0,0.0
0.0,0,3,892,0,1,74,74.0,0.0
0.0,0,3,892,0,1,74,74.0,0.0
0.0,0,3,892,0,1,74,74.0,0.0
0.0,0,3,892,0,1,74,74.0,0.0
0.0,0,3,892,0,1,74,74.0,0.0
0.0,0,3,892,0,1,74,74.0,0.0
0.0,0,3,892,0,1,74,74.0,0.0
0.0,0,3,892,0,1,74,74.0,0.0
0.0,0,3,892,0,1,74,74.0,0.0
0.0,0,3,892,0,1,74,74.0,0.0
0.0,0,3,892,0,1,74,74.0,0.0
0.0,0,3,892,0,1,74,74.0,0.0
0.0,0,3,892,0,1,74,74.0,0.0
0.0,0,3,892,0,1,74,74.0,0.0
0.0,0,3,892,0,1,74,74.0,0.0
0.0,0,3,892,0,1,74,74.0,0.0
0.0,0,3,892,0,1,74,74.0,0.0
0.0,0,3,892,0,1,74,74.0,0.0
0.0,0,3,892,0,1,74,74.0,0.0
0.0,0,3,892,0,1,74,74.0,0.0
0.0,0,3,892,0,1,74,74.0,0.0
0.0,0,3,892,0,1,74,74.0,0.0
0.0,0,3,892,0,1,74,74.0,0.0
0.0,0,3,892,0,1,74,74.0,0.0
0.0,0,3,892,0,1,74,74.0,0.0
0.0,0,3,892,0,1,74,74.0,0.0
0.0,0,3,892,0,1,74,74.0,0.0
0.0,0,3,892,0,1,74,74.0,0.0
0.0,0,3,892,0,1,74,74.0,0.0
0.0,0,3,892,0,1,74,74.0,0.0
0.0,0,3,892,0,1,74,74.0,0.0
0.0,0,3,892,0,1,74,74.0,0.0
0.0,0,3,892,0,1,74,74.0,0.0
0.0,0,3,892,0,1,74,74.0,0.0
0.0,0,3,892,0,1,74,74.0,0.0
0.0,0,3,892,0,1,74,74.0,0.0
0.0,0,3,892,0,1,74,74.0,0.0
0.0,0,3,892,0,1,74,74.0,0.0
0.0,0,3,892,0,1,74,74.0,0.0
0.0,0,3,892,0,1,74,74.0,0.0
0.0,0,3,892,0,1,74,74.0,0.0
0.0,0,3,892,0,1,74,74.0,0.0
0.0,0,3,892,0,1,74,74.0,0.0
0.0,0,3,892,0,1,74,74.0,0.0
0.0,0,3,892,0,1,74,74.0,0.0
0.0,0,3,892,0,1,74,74.0,0.0
0.0,0,3,892,0,1,74,74.0,0.0
0.0,0,3,892,0,1,74,74.0,0.0
0.0,0,3,892,0,1,74,74.0,0.0
0.0,0,3,892,0,1,74,74.0,0.0
0.0,0,3,892,0,1,74,74.0,0.0
0.0,0,3,892,0,1,74,74.0,0.0
0.0,0,3,892,0,1,74,74.0,0.0
0.0,0,3,892,0,1,74,74.0,0.0
0.0,0,3,892,0,1,74,74.0,0.0
0.0,0,3,892,0,1,74,74.0,0.0
0.0,0,3,892,0,1,74,74.0,0.0
0.0,0,3,892,0,1,74,74.0,0.0
0.0,0,3,892,0,1,74,74.0,0.0
0.0,0,3,892,0,1,74,74.0,0.0
0.0,0,3,892,0,1,74,74.0,0.0
0.0,0,3,892,0,1,74,74.0,0.0
0.0,0,3,892,0,1,74,74.0,0.0
0.0,0,3,892,0,1,74,74.0,0.0
0.0,0,3,892,0,1,74,74.0,0.0
0.0,0,3,892,0,1,74,74.0,0.0
0.0,0,3,892,0,1,74,74.0,0.0
0.0,0,3,892,0,1,74,74.0,0.0
0.0,0,3,892,0,1,74,74.0,0.0
0.0,0,3,892,0,1,74,74.0,0.0
0.0,0,3,892,0,1,74,74.0,0.0
0.0,0,3,892,0,1,74,74.0,0.0
1.00666,0,3,892,0,2,148,148.0,0.0
1.0065030000000001,0,3,892,0,2,148,148.0,0.0
1.006437,0,3,892,0,2,148,148.0,0.0
1.00627,0,3,892,0,2,148,148.0,0.0
1.0061959999999999,0,3,892,0,2,148,148.0,0.0
1.006125,0,3,892,0,2,148,148.0,0.0
1.005883,0,3,892,0,2,148,148.0,0.0
1.005809,0,3,892,0,2,148,148.0,0.0
1.005733,0,3,892,0,2,148,148.0,0.0
1.005484,0,3,892,0,2,148,148.0,0.0
0.0,0,3,892,0,1,74,74.0,0.0
0.0,0,3,892,0,1,74,74.0,0.0
0.0,0,3,892,0,1,74,74.0,0.0
0.0,0,3,892,0,1,74,74.0,0.0
0.0,0,3,892,0,1,74,74.0,0.0
0.0,0,3,892,0,1,74,74.0,0.0
0.0,0,3,892,0,1,74,74.0,0.0
0.0,0,3,892,0,1,74,74.0,0.0
0.0,0,3,892,0,1,74,74.0,0.0
0.0,0,3,892,0,1,74,74.0,0.0
1.014417,0,3,892,0,2,148,148.0,0.0
1.014268,0,3,892,0,2,148,148.0,0.0
1.014082,0,3,892,0,2,148,148.0,0.0
1.0139850000000001,0,3,892,0,2,148,148.0,0.0
1.013831,0,3,892,0,2,148,148.0,0.0
1.013677,0,3,892,0,2,148,148.0,0.0
1.013491,0,3,892,0,2,148,148.0,0.0
1.0132729999999999,0,3,892,0,2,148,148.0,0.0
1.013183,0,3,892,0,2,148,148.0,0.0
1.012923,0,3,892,0,2,148,148.0,0.0
0.0,0,3,892,0,1,74,74.0,0.0
0.0,0,3,892,0,1,74,74.0,0.0
0.0,0,3,892,0,1,74,74.0,0.0
0.0,0,3,892,0,1,74,74.0,0.0
0.0,0,3,892,0,1,74,74.0,0.0
0.0,0,3,892,0,1,74,74.0,0.0
0.0,0,3,892,0,1,74,74.0,0.0
0.0,0,3,892,0,1,74,74.0,0.0
0.0,0,3,892,0,1,74,74.0,0.0
0.0,0,3,892,0,1,74,74.0,0.0
0.0,0,3,892,0,1,74,74.0,0.0
0.0,0,3,892,0,1,74,74.0,0.0
0.0,0,3,892,0,1,74,74.0,0.0
0.0,0,3,892,0,1,74,74.0,0.0
0.0,0,3,892,0,1,74,74.0,0.0
0.0,0,3,892,0,1,74,74.0,0.0
0.0,0,3,892,0,1,74,74.0,0.0
0.0,0,3,892,0,1,74,74.0,0.0
0.0,0,3,892,0,1,74,74.0,0.0
0.0,0,3,892,0,1,74,74.0,0.0
0.0,0,3,892,0,1,74,74.0,0.0
0.0,0,3,892,0,1,74,74.0,0.0
0.0,0,3,892,0,1,74,74.0,0.0
0.0,0,3,892,0,1,74,74.0,0.0
0.0,0,3,892,0,1,74,74.0,0.0
0.0,0,3,892,0,1,74,74.0,0.0
0.0,0,3,892,0,1,74,74.0,0.0
0.0,0,3,892,0,1,74,74.0,0.0
0.0,0,3,892,0,1,74,74.0,0.0
0.0,0,3,892,0,1,74,74.0,0.0
0.0,0,3,892,0,1,74,74.0,0.0
0.0,0,3,892,0,1,74,74.0,0.0
0.0,0,3,892,0,1,74,74.0,0.0
0.0,0,3,892,0,1,74,74.0,0.0
0.0,0,3,892,0,1,74,74.0,0.0
0.0,0,3,892,0,1,74,74.0,0.0
0.0,0,3,892,0,1,74,74.0,0.0
0.0,0,3,892,0,1,74,74.0,0.0
0.0,0,3,892,0,1,74,74.0,0.0
0.0,0,3,892,0,1,74,74.0,0.0
0.0,0,3,892,0,1,74,74.0,0.0
0.0,0,3,892,0,1,74,74.0,0.0
0.0,0,3,892,0,1,74,74.0,0.0
0.0,0,3,892,0,1,74,74.0,0.0
0.0,0,3,892,0,1,74,74.0,0.0
0.0,0,3,892,0,1,74,74.0,0.0
0.0,0,3,892,0,1,74,74.0,0.0
0.0,0,3,892,0,1,74,74.0,0.0
0.0,0,3,892,0,1,74,74.0,0.0
0.0,0,3,892,0,1,74,74.0,0.0
0.00041500000000000006,3,4,2190507,2,102,42,0.0,0.0
1.012124,0,3,892,0,2,148,148.0,0.0
1.0119559999999999,0,3,892,0,2,148,148.0,0.0
1.011717,0,3,892,0,2,148,148.0,0.0
1.011628,0,3,892,0,2,148,148.0,0.0
1.011379,0,3,892,0,2,148,148.0,0.0
1.011311,0,3,892,0,2,148,148.0,0.0
1.01112,0,3,892,0,2,148,148.0,0.0
1.011052,0,3,892,0,2,148,148.0,0.0
1.010896,0,3,892,0,2,148,148.0,0.0
1.010792,0,3,892,0,2,148,148.0,0.0
0.0,0,3,892,0,1,74,74.0,0.0
0.0,0,3,892,0,1,74,74.0,0.0
0.0,0,3,892,0,1,74,74.0,0.0
0.0,0,3,892,0,1,74,74.0,0.0
0.0,0,3,892,0,1,74,74.0,0.0
0.0,0,3,892,0,1,74,74.0,0.0
0.0,0,3,892,0,1,74,74.0,0.0
0.0,0,3,892,0,1,74,74.0,0.0
0.0,0,3,892,0,1,74,74.0,0.0
0.0,0,3,892,0,1,74,74.0,0.0
0.0,0,3,892,0,1,74,74.0,0.0
0.0,0,3,892,0,1,74,74.0,0.0
0.0,0,3,892,0,1,74,74.0,0.0
0.0,0,3,892,0,1,74,74.0,0.0
0.0,0,3,892,0,1,74,74.0,0.0
0.0,0,3,892,0,1,74,74.0,0.0
0.0,0,3,892,0,1,74,74.0,0.0
0.0,0,3,892,0,1,74,74.0,0.0
0.0,0,3,892,0,1,74,74.0,0.0
0.0,0,3,892,0,1,74,74.0,0.0
0.0,0,3,892,0,1,74,74.0,0.0
0.0,0,3,892,0,1,74,74.0,0.0
0.0,0,3,892,0,1,74,74.0,0.0
0.0,0,3,892,0,1,74,74.0,0.0
0.0,0,3,892,0,1,74,74.0,0.0
0.0,0,3,892,0,1,74,74.0,0.0
0.0,0,3,892,0,1,74,74.0,0.0
0.0,0,3,892,0,1,74,74.0,0.0
0.0,0,3,892,0,1,74,74.0,0.0
0.0,0,3,892,0,1,74,74.0,0.0
1.01184,0,3,892,0,2,148,148.0,0.0
1.011742,0,3,892,0,2,148,148.0,0.0
1.011693,0,3,892,0,2,148,148.0,0.0
1.011643,0,3,892,0,2,148,148.0,0.0
1.01158,0,3,892,0,2,148,148.0,0.0
1.011514,0,3,892,0,2,148,148.0,0.0
1.011434,0,3,892,0,2,148,148.0,0.0
1.011358,0,3,892,0,2,148,148.0,0.0
1.0112860000000001,0,3,892,0,2,148,148.0,0.0
1.0111290000000002,0,3,892,0,2,148,148.0,0.0
0.0,0,3,892,0,1,74,74.0,0.0
0.0,0,3,892,0,1,74,74.0,0.0
0.0,0,3,892,0,1,74,74.0,0.0
0.0,0,3,892,0,1,74,74.0,0.0
0.0,0,3,892,0,1,74,74.0,0.0
0.0,0,3,892,0,1,74,74.0,0.0
0.0,0,3,892,0,1,74,74.0,0.0
0.0,0,3,892,0,1,74,74.0,0.0
0.0,0,3,892,0,1,74,74.0,0.0
0.0,0,3,892,0,1,74,74.0,0.0
0.0,0,3,892,0,1,74,74.0,0.0
0.0,0,3,892,0,1,74,74.0,0.0
0.0,0,3,892,0,1,74,74.0,0.0
0.0,0,3,892,0,1,74,74.0,0.0
0.0,0,3,892,0,1,74,74.0,0.0
0.0,0,3,892,0,1,74,74.0,0.0
0.0,0,3,892,0,1,74,74.0,0.0
0.0,0,3,892,0,1,74,74.0,0.0
0.0,0,3,892,0,1,74,74.0,0.0
0.0,0,3,892,0,1,74,74.0,0.0
0.0,0,3,892,0,1,74,74.0,0.0
0.0,0,3,892,0,1,74,74.0,0.0
0.0,0,3,892,0,1,74,74.0,0.0
0.0,0,3,892,0,1,74,74.0,0.0
0.0,0,3,892,0,1,74,74.0,0.0
0.0,0,3,892,0,1,74,74.0,0.0
0.0,0,3,892,0,1,74,74.0,0.0
0.0,0,3,892,0,1,74,74.0,0.0
0.0,0,3,892,0,1,74,74.0,0.0
0.0,0,3,892,0,1,74,74.0,0.0
0.0,0,3,892,0,1,74,74.0,0.0
0.0,0,3,892,0,1,74,74.0,0.0
0.0,0,3,892,0,1,74,74.0,0.0
0.0,0,3,892,0,1,74,74.0,0.0
0.0,0,3,892,0,1,74,74.0,0.0
0.0,0,3,892,0,1,74,74.0,0.0
0.0,0,3,892,0,1,74,74.0,0.0
0.0,0,3,892,0,1,74,74.0,0.0
0.0,0,3,892,0,1,74,74.0,0.0
0.0,0,3,892,0,1,74,74.0,0.0
0.0,0,3,892,0,1,74,74.0,0.0
0.0,0,3,892,0,1,74,74.0,0.0
0.0,0,3,892,0,1,74,74.0,0.0
0.0,0,3,892,0,1,74,74.0,0.0
0.0,0,3,892,0,1,74,74.0,0.0
0.0,0,3,892,0,1,74,74.0,0.0
0.0,0,3,892,0,1,74,74.0,0.0
0.0,0,3,892,0,1,74,74.0,0.0
0.0,0,3,892,0,1,74,74.0,0.0
0.0,0,3,892,0,1,74,74.0,0.0
0.0,0,3,892,0,1,74,74.0,0.0
0.0,0,3,892,0,1,74,74.0,0.0
0.0,0,3,892,0,1,74,74.0,0.0
0.0,0,3,892,0,1,74,74.0,0.0
0.0,0,3,892,0,1,74,74.0,0.0
0.0,0,3,892,0,1,74,74.0,0.0
0.0,0,3,892,0,1,74,74.0,0.0
0.0,0,3,892,0,1,74,74.0,0.0
0.0,0,3,892,0,1,74,74.0,0.0
0.0,0,3,892,0,1,74,74.0,0.0
0.0,0,3,892,0,1,74,74.0,0.0
0.0,0,3,892,0,1,74,74.0,0.0
0.0,0,3,892,0,1,74,74.0,0.0
0.0,0,3,892,0,1,74,74.0,0.0
0.0,0,3,892,0,1,74,74.0,0.0
0.0,0,3,892,0,1,74,74.0,0.0
0.0,0,3,892,0,1,74,74.0,0.0
0.0,0,3,892,0,1,74,74.0,0.0
0.0,0,3,892,0,1,74,74.0,0.0
0.0,0,3,892,0,1,74,74.0,0.0
0.0,0,3,892,0,1,74,74.0,0.0
0.0,0,3,892,0,1,74,74.0,0.0
0.0,0,3,892,0,1,74,74.0,0.0
0.0,0,3,892,0,1,74,74.0,0.0
0.0,0,3,892,0,1,74,74.0,0.0
0.0,0,3,892,0,1,74,74.0,0.0
0.0,0,3,892,0,1,74,74.0,0.0
0.0,0,3,892,0,1,74,74.0,0.0
0.0,0,3,892,0,1,74,74.0,0.0
0.0,0,3,892,0,1,74,74.0,0.0
0.0,0,3,892,0,1,74,74.0,0.0
0.0,0,3,892,0,1,74,74.0,0.0
0.0,0,3,892,0,1,74,74.0,0.0
0.0,0,3,892,0,1,74,74.0,0.0
0.0,0,3,892,0,1,74,74.0,0.0
0.0,0,3,892,0,1,74,74.0,0.0
0.0,0,3,892,0,1,74,74.0,0.0
0.0,0,3,892,0,1,74,74.0,0.0
0.0,0,3,892,0,1,74,74.0,0.0
0.0,0,3,892,0,1,74,74.0,0.0
1.0422280000000002,0,3,892,0,2,148,148.0,0.0
1.042073,0,3,892,0,2,148,148.0,0.0
1.041968,0,3,892,0,2,148,148.0,0.0
1.0418290000000001,0,3,892,0,2,148,148.0,0.0
1.041727,0,3,892,0,2,148,148.0,0.0
1.041631,0,3,892,0,2,148,148.0,0.0
1.041528,0,3,892,0,2,148,148.0,0.0
1.041441,0,3,892,0,2,148,148.0,0.0
1.041348,0,3,892,0,2,148,148.0,0.0
1.041185,0,3,892,0,2,148,148.0,0.0
1.023863,0,3,892,0,2,148,148.0,0.0
1.023728,0,3,892,0,2,148,148.0,0.0
1.0236399999999999,0,3,892,0,2,148,148.0,0.0
1.023569,0,3,892,0,2,148,148.0,0.0
1.0234940000000001,0,3,892,0,2,148,148.0,0.0
1.023417,0,3,892,0,2,148,148.0,0.0
1.023344,0,3,892,0,2,148,148.0,0.0
1.023253,0,3,892,0,2,148,148.0,0.0
1.0230270000000001,0,3,892,0,2,148,148.0,0.0
1.022872,0,3,892,0,2,148,148.0,0.0
1.023621,0,3,892,0,2,148,148.0,0.0
1.0235020000000001,0,3,892,0,2,148,148.0,0.0
1.0234219999999998,0,3,892,0,2,148,148.0,0.0
1.0233510000000001,0,3,892,0,2,148,148.0,0.0
1.023274,0,3,892,0,2,148,148.0,0.0
1.0231569999999999,0,3,892,0,2,148,148.0,0.0
1.023083,0,3,892,0,2,148,148.0,0.0
1.023018,0,3,892,0,2,148,148.0,0.0
1.022951,0,3,892,0,2,148,148.0,0.0
1.022829,0,3,892,0,2,148,148.0,0.0
0.0,0,3,892,0,1,74,74.0,0.0
0.0,0,3,892,0,1,74,74.0,0.0
0.0,0,3,892,0,1,74,74.0,0.0
0.0,0,3,892,0,1,74,74.0,0.0
0.0,0,3,892,0,1,74,74.0,0.0
0.0,0,3,892,0,1,74,74.0,0.0
0.0,0,3,892,0,1,74,74.0,0.0
0.0,0,3,892,0,1,74,74.0,0.0
0.0,0,3,892,0,1,74,74.0,0.0
0.0,0,3,892,0,1,74,74.0,0.0
0.0,0,3,892,0,1,74,74.0,0.0
0.0,0,3,892,0,1,74,74.0,0.0
0.0,0,3,892,0,1,74,74.0,0.0
0.0,0,3,892,0,1,74,74.0,0.0
0.0,0,3,892,0,1,74,74.0,0.0
0.0,0,3,892,0,1,74,74.0,0.0
0.0,0,3,892,0,1,74,74.0,0.0
0.0,0,3,892,0,1,74,74.0,0.0
0.0,0,3,892,0,1,74,74.0,0.0
0.0,0,3,892,0,1,74,74.0,0.0
1.004584,0,3,892,0,2,148,148.0,0.0
1.004422,0,3,892,0,2,148,148.0,0.0
1.0041790000000002,0,3,892,0,2,148,148.0,0.0
0.0,0,3,892,0,1,74,74.0,0.0
0.0,0,3,892,0,1,74,74.0,0.0
0.0,0,3,892,0,1,74,74.0,0.0
0.0,0,3,892,0,1,74,74.0,0.0
0.0,0,3,892,0,1,74,74.0,0.0
0.0,0,3,892,0,1,74,74.0,0.0
0.0,0,3,892,0,1,74,74.0,0.0
0.0,0,3,892,0,1,74,74.0,0.0
0.0,0,3,892,0,1,74,74.0,0.0
0.0,0,3,892,0,1,74,74.0,0.0
0.0,0,3,892,0,1,74,74.0,0.0
0.0,0,3,892,0,1,74,74.0,0.0
0.0,0,3,892,0,1,74,74.0,0.0
0.0,0,3,892,0,1,74,74.0,0.0
0.0,0,3,892,0,1,74,74.0,0.0
0.0,0,3,892,0,1,74,74.0,0.0
0.0,0,3,892,0,1,74,74.0,0.0
0.0,0,3,892,0,1,74,74.0,0.0
0.0,0,3,892,0,1,74,74.0,0.0
0.0,0,3,892,0,1,74,74.0,0.0
0.0,0,3,892,0,1,74,74.0,0.0
0.0,0,3,892,0,1,74,74.0,0.0
0.0,0,3,892,0,1,74,74.0,0.0
0.0,0,3,892,0,1,74,74.0,0.0
0.0,0,3,892,0,1,74,74.0,0.0
0.0,0,3,892,0,1,74,74.0,0.0
0.0,0,3,892,0,1,74,74.0,0.0
0.0,0,3,892,0,1,74,74.0,0.0
0.0,0,3,892,0,1,74,74.0,0.0
0.0,0,3,892,0,1,74,74.0,0.0
0.0,0,3,892,0,1,74,74.0,0.0
0.0,0,3,892,0,1,74,74.0,0.0
0.0,0,3,892,0,1,74,74.0,0.0
0.0,0,3,892,0,1,74,74.0,0.0
0.0,0,3,892,0,1,74,74.0,0.0
0.0,0,3,892,0,1,74,74.0,0.0
0.0,0,3,892,0,1,74,74.0,0.0
0.0,0,3,892,0,1,74,74.0,0.0
0.0,0,3,892,0,1,74,74.0,0.0
0.0,0,3,892,0,1,74,74.0,0.0
0.0,0,3,892,0,1,74,74.0,0.0
0.0,0,3,892,0,1,74,74.0,0.0
0.0,0,3,892,0,1,74,74.0,0.0
0.0,0,3,892,0,1,74,74.0,0.0
0.0,0,3,892,0,1,74,74.0,0.0
0.0,0,3,892,0,1,74,74.0,0.0
0.0,0,3,892,0,1,74,74.0,0.0
0.0,0,3,892,0,1,74,74.0,0.0
0.0,0,3,892,0,1,74,74.0,0.0
0.0,0,3,892,0,1,74,74.0,0.0
0.0,0,3,892,0,1,74,74.0,0.0
0.0,0,3,892,0,1,74,74.0,0.0
0.0,0,3,892,0,1,74,74.0,0.0
0.0,0,3,892,0,1,74,74.0,0.0
0.0,0,3,892,0,1,74,74.0,0.0
0.0,0,3,892,0,1,74,74.0,0.0
0.0,0,3,892,0,1,74,74.0,0.0
0.0,0,3,892,0,1,74,74.0,0.0
0.0,0,3,892,0,1,74,74.0,0.0
0.0,0,3,892,0,1,74,74.0,0.0
0.0,0,3,892,0,1,74,74.0,0.0
0.0,0,3,892,0,1,74,74.0,0.0
0.0,0,3,892,0,1,74,74.0,0.0
0.0,0,3,892,0,1,74,74.0,0.0
0.0,0,3,892,0,1,74,74.0,0.0
0.0,0,3,892,0,1,74,74.0,0.0
0.0,0,3,892,0,1,74,74.0,0.0
0.0,0,3,892,0,1,74,74.0,0.0
0.0,0,3,892,0,1,74,74.0,0.0
0.0,0,3,892,0,1,74,74.0,0.0
0.0,0,3,892,0,1,74,74.0,0.0
0.0,0,3,892,0,1,74,74.0,0.0
0.0,0,3,892,0,1,74,74.0,0.0
0.0,0,3,892,0,1,74,74.0,0.0
0.0,0,3,892,0,1,74,74.0,0.0
0.0,0,3,892,0,1,74,74.0,0.0
0.0,0,3,892,0,1,74,74.0,0.0
0.0,0,3,892,0,1,74,74.0,0.0
0.0,0,3,892,0,1,74,74.0,0.0
0.0,0,3,892,0,1,74,74.0,0.0
0.0,0,3,892,0,1,74,74.0,0.0
0.0,0,3,892,0,1,74,74.0,0.0
0.0,0,3,892,0,1,74,74.0,0.0
0.0,0,3,892,0,1,74,74.0,0.0
0.0,0,3,892,0,1,74,74.0,0.0
0.0,0,3,892,0,1,74,74.0,0.0
0.0,0,3,892,0,1,74,74.0,0.0
0.0,0,3,892,0,1,74,74.0,0.0
0.0,0,3,892,0,1,74,74.0,0.0
0.0,0,3,892,0,1,74,74.0,0.0
0.0,0,3,892,0,1,74,74.0,0.0
0.0,0,3,892,0,1,74,74.0,0.0
0.0,0,3,892,0,1,74,74.0,0.0
0.0,0,3,892,0,1,74,74.0,0.0
0.0,0,3,892,0,1,74,74.0,0.0
0.0,0,3,892,0,1,74,74.0,0.0
0.0,0,3,892,0,1,74,74.0,0.0
0.0,0,3,892,0,1,74,74.0,0.0
0.0,0,3,892,0,1,74,74.0,0.0
0.0,0,3,892,0,1,74,74.0,0.0
0.0,0,3,892,0,1,74,74.0,0.0
0.0,0,3,892,0,1,74,74.0,0.0
0.0,0,3,892,0,1,74,74.0,0.0
0.0,0,3,892,0,1,74,74.0,0.0
0.0,0,3,892,0,1,74,74.0,0.0
0.0,0,3,892,0,1,74,74.0,0.0
0.0,0,3,892,0,1,74,74.0,0.0
0.0,0,3,892,0,1,74,74.0,0.0
0.0,0,3,892,0,1,74,74.0,0.0
0.0,0,3,892,0,1,74,74.0,0.0
0.0,0,3,892,0,1,74,74.0,0.0
0.0,0,3,892,0,1,74,74.0,0.0
0.0,0,3,892,0,1,74,74.0,0.0
0.0,0,3,892,0,1,74,74.0,0.0
0.0,0,3,892,0,1,74,74.0,0.0
0.0,0,3,892,0,1,74,74.0,0.0
0.0,0,3,892,0,1,74,74.0,0.0
0.0,0,3,892,0,1,74,74.0,0.0
0.0,0,3,892,0,1,74,74.0,0.0
0.0,0,3,892,0,1,74,74.0,0.0
0.0,0,3,892,0,1,74,74.0,0.0
0.0,0,3,892,0,1,74,74.0,0.0
0.0,0,3,892,0,1,74,74.0,0.0
0.0,0,3,892,0,1,74,74.0,0.0
0.0,0,3,892,0,1,74,74.0,0.0
0.0,0,3,892,0,1,74,74.0,0.0
0.0,0,3,892,0,1,74,74.0,0.0
0.0,0,3,892,0,1,74,74.0,0.0
0.0,0,3,892,0,1,74,74.0,0.0
0.0,0,3,892,0,1,74,74.0,0.0
0.0,0,3,892,0,1,74,74.0,0.0
0.0,0,3,892,0,1,74,74.0,0.0
0.0,0,3,892,0,1,74,74.0,0.0
0.0,0,3,892,0,1,74,74.0,0.0
0.0,0,3,892,0,1,74,74.0,0.0
0.0,0,3,892,0,1,74,74.0,0.0
0.0,0,3,892,0,1,74,74.0,0.0
0.0,0,3,892,0,1,74,74.0,0.0
0.0,0,3,892,0,1,74,74.0,0.0
0.0,0,3,892,0,1,74,74.0,0.0
0.0,0,3,892,0,1,74,74.0,0.0
0.0,0,3,892,0,1,74,74.0,0.0
0.0,0,3,892,0,1,74,74.0,0.0
0.0,0,3,892,0,1,74,74.0,0.0
0.0,0,3,892,0,1,74,74.0,0.0
0.0,0,3,892,0,1,74,74.0,0.0
0.0,0,3,892,0,1,74,74.0,0.0
1.005392,0,3,892,0,2,148,148.0,0.0
1.0052510000000001,0,3,892,0,2,148,148.0,0.0
1.005058,0,3,892,0,2,148,148.0,0.0
1.004876,0,3,892,0,2,148,148.0,0.0
1.004725,0,3,892,0,2,148,148.0,0.0
1.004646,0,3,892,0,2,148,148.0,0.0
1.0044959999999998,0,3,892,0,2,148,148.0,0.0
1.004425,0,3,892,0,2,148,148.0,0.0
1.004299,0,3,892,0,2,148,148.0,0.0
1.004154,0,3,892,0,2,148,148.0,0.0
0.0,0,3,892,0,1,74,74.0,0.0
0.0,0,3,892,0,1,74,74.0,0.0
0.0,0,3,892,0,1,74,74.0,0.0
0.0,0,3,892,0,1,74,74.0,0.0
0.0,0,3,892,0,1,74,74.0,0.0
0.0,0,3,892,0,1,74,74.0,0.0
0.0,0,3,892,0,1,74,74.0,0.0
0.0,0,3,892,0,1,74,74.0,0.0
0.0,0,3,892,0,1,74,74.0,0.0
0.0,0,3,892,0,1,74,74.0,0.0
0.0,0,3,892,0,1,74,74.0,0.0
0.0,0,3,892,0,1,74,74.0,0.0
0.0,0,3,892,0,1,74,74.0,0.0
0.0,0,3,892,0,1,74,74.0,0.0
0.0,0,3,892,0,1,74,74.0,0.0
0.0,0,3,892,0,1,74,74.0,0.0
0.0,0,3,892,0,1,74,74.0,0.0
0.0,0,3,892,0,1,74,74.0,0.0
0.0,0,3,892,0,1,74,74.0,0.0
0.0,0,3,892,0,1,74,74.0,0.0
1.0014379999999998,0,3,892,0,2,148,148.0,0.0
1.001369,0,3,892,0,2,148,148.0,0.0
1.001317,0,3,892,0,2,148,148.0,0.0
1.001276,0,3,892,0,2,148,148.0,0.0
1.0011649999999999,0,3,892,0,2,148,148.0,0.0
1.0010729999999999,0,3,892,0,2,148,148.0,0.0
1.001001,0,3,892,0,2,148,148.0,0.0
1.0009629999999998,0,3,892,0,2,148,148.0,0.0
1.000887,0,3,892,0,2,148,148.0,0.0
1.000764,0,3,892,0,2,148,148.0,0.0
0.0,0,3,892,0,1,74,74.0,0.0
0.0,0,3,892,0,1,74,74.0,0.0
0.0,0,3,892,0,1,74,74.0,0.0
0.0,0,3,892,0,1,74,74.0,0.0
0.0,0,3,892,0,1,74,74.0,0.0
0.0,0,3,892,0,1,74,74.0,0.0
0.0,0,3,892,0,1,74,74.0,0.0
0.0,0,3,892,0,1,74,74.0,0.0
0.0,0,3,892,0,1,74,74.0,0.0
0.0,0,3,892,0,1,74,74.0,0.0
1.013482,0,3,892,0,2,148,148.0,0.0
1.013314,0,3,892,0,2,148,148.0,0.0
1.013087,0,3,892,0,2,148,148.0,0.0
1.012997,0,3,892,0,2,148,148.0,0.0
1.012808,0,3,892,0,2,148,148.0,0.0
1.0125540000000002,0,3,892,0,2,148,148.0,0.0
1.012304,0,3,892,0,2,148,148.0,0.0
1.012229,0,3,892,0,2,148,148.0,0.0
1.0120799999999999,0,3,892,0,2,148,148.0,0.0
1.011961,0,3,892,0,2,148,148.0,0.0
0.0,0,3,892,0,1,74,74.0,0.0
0.0,0,3,892,0,1,74,74.0,0.0
0.0,0,3,892,0,1,74,74.0,0.0
0.0,0,3,892,0,1,74,74.0,0.0
0.0,0,3,892,0,1,74,74.0,0.0
0.0,0,3,892,0,1,74,74.0,0.0
0.0,0,3,892,0,1,74,74.0,0.0
0.0,0,3,892,0,1,74,74.0,0.0
0.0,0,3,892,0,1,74,74.0,0.0
0.0,0,3,892,0,1,74,74.0,0.0
1.0095020000000001,0,3,892,0,2,148,148.0,0.0
1.009406,0,3,892,0,2,148,148.0,0.0
1.009223,0,3,892,0,2,148,148.0,0.0
1.0090729999999999,0,3,892,0,2,148,148.0,0.0
1.00895,0,3,892,0,2,148,148.0,0.0
1.008895,0,3,892,0,2,148,148.0,0.0
1.008697,0,3,892,0,2,148,148.0,0.0
1.008648,0,3,892,0,2,148,148.0,0.0
1.008481,0,3,892,0,2,148,148.0,0.0
1.008389,0,3,892,0,2,148,148.0,0.0
0.0,0,3,892,0,1,74,74.0,0.0
0.0,0,3,892,0,1,74,74.0,0.0
0.0,0,3,892,0,1,74,74.0,0.0
0.0,0,3,892,0,1,74,74.0,0.0
0.0,0,3,892,0,1,74,74.0,0.0
0.0,0,3,892,0,1,74,74.0,0.0
0.0,0,3,892,0,1,74,74.0,0.0
0.0,0,3,892,0,1,74,74.0,0.0
0.0,0,3,892,0,1,74,74.0,0.0
0.0,0,3,892,0,1,74,74.0,0.0
0.0005809999999999999,3,4,2190507,2,102,42,0.0,0.0
0.0,0,3,892,0,1,74,74.0,0.0
0.0,0,3,892,0,1,74,74.0,0.0
0.0,0,3,892,0,1,74,74.0,0.0
0.0,0,3,892,0,1,74,74.0,0.0
0.0,0,3,892,0,1,74,74.0,0.0
0.0,0,3,892,0,1,74,74.0,0.0
0.0,0,3,892,0,1,74,74.0,0.0
0.0,0,3,892,0,1,74,74.0,0.0
0.0,0,3,892,0,1,74,74.0,0.0
0.0,0,3,892,0,1,74,74.0,0.0
0.0,0,3,892,0,1,74,74.0,0.0
0.0,0,3,892,0,1,74,74.0,0.0
0.0,0,3,892,0,1,74,74.0,0.0
0.0,0,3,892,0,1,74,74.0,0.0
0.0,0,3,892,0,1,74,74.0,0.0
0.0,0,3,892,0,1,74,74.0,0.0
0.0,0,3,892,0,1,74,74.0,0.0
0.0,0,3,892,0,1,74,74.0,0.0
0.0,0,3,892,0,1,74,74.0,0.0
0.0,0,3,892,0,1,74,74.0,0.0
0.0,0,3,892,0,1,74,74.0,0.0
0.0,0,3,892,0,1,74,74.0,0.0
0.0,0,3,892,0,1,74,74.0,0.0
0.0,0,3,892,0,1,74,74.0,0.0
0.0,0,3,892,0,1,74,74.0,0.0
0.0,0,3,892,0,1,74,74.0,0.0
0.0,0,3,892,0,1,74,74.0,0.0
0.0,0,3,892,0,1,74,74.0,0.0
0.0,0,3,892,0,1,74,74.0,0.0
0.0,0,3,892,0,1,74,74.0,0.0
0.0,0,3,892,0,1,74,74.0,0.0
0.0,0,3,892,0,1,74,74.0,0.0
0.0,0,3,892,0,1,74,74.0,0.0
0.0,0,3,892,0,1,74,74.0,0.0
0.0,0,3,892,0,1,74,74.0,0.0
0.0,0,3,892,0,1,74,74.0,0.0
0.0,0,3,892,0,1,74,74.0,0.0
0.0,0,3,892,0,1,74,74.0,0.0
0.0,0,3,892,0,1,74,74.0,0.0
0.0,0,3,892,0,1,74,74.0,0.0
0.0,0,3,892,0,1,74,74.0,0.0
1.006341,0,3,892,0,2,148,148.0,0.0
1.006297,0,3,892,0,2,148,148.0,0.0
1.006182,0,3,892,0,2,148,148.0,0.0
1.006133,0,3,892,0,2,148,148.0,0.0
1.006026,0,3,892,0,2,148,148.0,0.0
1.0059719999999999,0,3,892,0,2,148,148.0,0.0
1.005866,0,3,892,0,2,148,148.0,0.0
1.005792,0,3,892,0,2,148,148.0,0.0
1.005627,0,3,892,0,2,148,148.0,0.0
0.0,0,3,892,0,1,74,74.0,0.0
0.0,0,3,892,0,1,74,74.0,0.0
0.0,0,3,892,0,1,74,74.0,0.0
0.0,0,3,892,0,1,74,74.0,0.0
0.0,0,3,892,0,1,74,74.0,0.0
0.0,0,3,892,0,1,74,74.0,0.0
0.0,0,3,892,0,1,74,74.0,0.0
0.0,0,3,892,0,1,74,74.0,0.0
0.0,0,3,892,0,1,74,74.0,0.0
0.0,0,3,892,0,1,74,74.0,0.0
0.0,0,3,892,0,1,74,74.0,0.0
0.0,0,3,892,0,1,74,74.0,0.0
0.0,0,3,892,0,1,74,74.0,0.0
0.0,0,3,892,0,1,74,74.0,0.0
0.0,0,3,892,0,1,74,74.0,0.0
0.0,0,3,892,0,1,74,74.0,0.0
0.0,0,3,892,0,1,74,74.0,0.0
0.0,0,3,892,0,1,74,74.0,0.0
0.0,0,3,892,0,1,74,74.0,0.0
0.0,0,3,892,0,1,74,74.0,0.0
1.000535,0,3,892,0,2,148,148.0,0.0
1.000314,0,3,892,0,2,148,148.0,0.0
0.0,0,3,892,0,1,74,74.0,0.0
0.0,0,3,892,0,1,74,74.0,0.0
0.0,0,3,892,0,1,74,74.0,0.0
0.0,0,3,892,0,1,74,74.0,0.0
0.0,0,3,892,0,1,74,74.0,0.0
0.0,0,3,892,0,1,74,74.0,0.0
0.0,0,3,892,0,1,74,74.0,0.0
0.0,0,3,892,0,1,74,74.0,0.0
0.0,0,3,892,0,1,74,74.0,0.0
0.0,0,3,892,0,1,74,74.0,0.0
0.0,0,3,892,0,1,74,74.0,0.0
0.0,0,3,892,0,1,74,74.0,0.0
0.0,0,3,892,0,1,74,74.0,0.0
0.0,0,3,892,0,1,74,74.0,0.0
0.0,0,3,892,0,1,74,74.0,0.0
0.0,0,3,892,0,1,74,74.0,0.0
0.0,0,3,892,0,1,74,74.0,0.0
0.0,0,3,892,0,1,74,74.0,0.0
0.0,0,3,892,0,1,74,74.0,0.0
0.0,0,3,892,0,1,74,74.0,0.0
0.0,0,3,892,0,1,74,74.0,0.0
0.0,0,3,892,0,1,74,74.0,0.0
0.0,0,3,892,0,1,74,74.0,0.0
0.0,0,3,892,0,1,74,74.0,0.0
0.0,0,3,892,0,1,74,74.0,0.0
0.0,0,3,892,0,1,74,74.0,0.0
0.0,0,3,892,0,1,74,74.0,0.0
0.0,0,3,892,0,1,74,74.0,0.0
0.0,0,3,892,0,1,74,74.0,0.0
0.0,0,3,892,0,1,74,74.0,0.0
0.0,0,3,892,0,1,74,74.0,0.0
0.0,0,3,892,0,1,74,74.0,0.0
0.0,0,3,892,0,1,74,74.0,0.0
0.0,0,3,892,0,1,74,74.0,0.0
0.0,0,3,892,0,1,74,74.0,0.0
0.0,0,3,892,0,1,74,74.0,0.0
0.0,0,3,892,0,1,74,74.0,0.0
0.0,0,3,892,0,1,74,74.0,0.0
0.0,0,3,892,0,1,74,74.0,0.0
0.0,0,3,892,0,1,74,74.0,0.0
0.0,0,3,892,0,1,74,74.0,0.0
0.0,0,3,892,0,1,74,74.0,0.0
0.0,0,3,892,0,1,74,74.0,0.0
0.0,0,3,892,0,1,74,74.0,0.0
0.0,0,3,892,0,1,74,74.0,0.0
0.0,0,3,892,0,1,74,74.0,0.0
0.0,0,3,892,0,1,74,74.0,0.0
0.0,0,3,892,0,1,74,74.0,0.0
0.0,0,3,892,0,1,74,74.0,0.0
0.0,0,3,892,0,1,74,74.0,0.0
0.0,0,3,892,0,1,74,74.0,0.0
0.0,0,3,892,0,1,74,74.0,0.0
0.0,0,3,892,0,1,74,74.0,0.0
0.0,0,3,892,0,1,74,74.0,0.0
0.0,0,3,892,0,1,74,74.0,0.0
0.0,0,3,892,0,1,74,74.0,0.0
0.0,0,3,892,0,1,74,74.0,0.0
0.0,0,3,892,0,1,74,74.0,0.0
0.0,0,3,892,0,1,74,74.0,0.0
0.0,0,3,892,0,1,74,74.0,0.0
0.0,0,3,892,0,1,74,74.0,0.0
0.0,0,3,892,0,1,74,74.0,0.0
0.0,0,3,892,0,1,74,74.0,0.0
0.0,0,3,892,0,1,74,74.0,0.0
0.0,0,3,892,0,1,74,74.0,0.0
0.0,0,3,892,0,1,74,74.0,0.0
0.0,0,3,892,0,1,74,74.0,0.0
0.0,0,3,892,0,1,74,74.0,0.0
0.0,0,3,892,0,1,74,74.0,0.0
0.0,0,3,892,0,1,74,74.0,0.0
0.0,0,3,892,0,1,74,74.0,0.0
0.0,0,3,892,0,1,74,74.0,0.0
0.0,0,3,892,0,1,74,74.0,0.0
0.0,0,3,892,0,1,74,74.0,0.0
0.0,0,3,892,0,1,74,74.0,0.0
0.0,0,3,892,0,1,74,74.0,0.0
0.0,0,3,892,0,1,74,74.0,0.0
0.0,0,3,892,0,1,74,74.0,0.0
0.0,0,3,892,0,1,74,74.0,0.0
0.0,0,3,892,0,1,74,74.0,0.0
0.0,0,3,892,0,1,74,74.0,0.0
0.0,0,3,892,0,1,74,74.0,0.0
0.0,0,3,892,0,1,74,74.0,0.0
0.0,0,3,892,0,1,74,74.0,0.0
0.0,0,3,892,0,1,74,74.0,0.0
0.0,0,3,892,0,1,74,74.0,0.0
0.0,0,3,892,0,1,74,74.0,0.0
0.0,0,3,892,0,1,74,74.0,0.0
0.0,0,3,892,0,1,74,74.0,0.0
0.0,0,3,892,0,1,74,74.0,0.0
0.0,0,3,892,0,1,74,74.0,0.0
0.0,0,3,892,0,1,74,74.0,0.0
0.0,0,3,892,0,1,74,74.0,0.0
0.0,0,3,892,0,1,74,74.0,0.0
0.0,0,3,892,0,1,74,74.0,0.0
0.0,0,3,892,0,1,74,74.0,0.0
0.0,0,3,892,0,1,74,74.0,0.0
0.0,0,3,892,0,1,74,74.0,0.0
0.0,0,3,892,0,1,74,74.0,0.0
0.0,0,3,892,0,1,74,74.0,0.0
0.0,0,3,892,0,1,74,74.0,0.0
0.0,0,3,892,0,1,74,74.0,0.0
0.0,0,3,892,0,1,74,74.0,0.0
0.0,0,3,892,0,1,74,74.0,0.0
0.0,0,3,892,0,1,74,74.0,0.0
0.0,0,3,892,0,1,74,74.0,0.0
0.0,0,3,892,0,1,74,74.0,0.0
0.0,0,3,892,0,1,74,74.0,0.0
0.0,0,3,892,0,1,74,74.0,0.0
0.0,0,3,892,0,1,74,74.0,0.0
0.0,0,3,892,0,1,74,74.0,0.0
0.0,0,3,892,0,1,74,74.0,0.0
0.0,0,3,892,0,1,74,74.0,0.0
0.0,0,3,892,0,1,74,74.0,0.0
0.0,0,3,892,0,1,74,74.0,0.0
0.0,0,3,892,0,1,74,74.0,0.0
0.0,0,3,892,0,1,74,74.0,0.0
0.0,0,3,892,0,1,74,74.0,0.0
0.0,0,3,892,0,1,74,74.0,0.0
0.0,0,3,892,0,1,74,74.0,0.0
0.0,0,3,892,0,1,74,74.0,0.0
0.0,0,3,892,0,1,74,74.0,0.0
0.0,0,3,892,0,1,74,74.0,0.0
0.0,0,3,892,0,1,74,74.0,0.0
0.0,0,3,892,0,1,74,74.0,0.0
0.0,0,3,892,0,1,74,74.0,0.0
0.0,0,3,892,0,1,74,74.0,0.0
0.0,0,3,892,0,1,74,74.0,0.0
0.0,0,3,892,0,1,74,74.0,0.0
0.0,0,3,892,0,1,74,74.0,0.0
0.0,0,3,892,0,1,74,74.0,0.0
0.0,0,3,892,0,1,74,74.0,0.0
0.0,0,3,892,0,1,74,74.0,0.0
0.0,0,3,892,0,1,74,74.0,0.0
0.0,0,3,892,0,1,74,74.0,0.0
0.0,0,3,892,0,1,74,74.0,0.0
0.0,0,3,892,0,1,74,74.0,0.0
0.0,0,3,892,0,1,74,74.0,0.0
0.0,0,3,892,0,1,74,74.0,0.0
0.0,0,3,892,0,1,74,74.0,0.0
0.0,0,3,892,0,1,74,74.0,0.0
0.0,0,3,892,0,1,74,74.0,0.0
0.0,0,3,892,0,1,74,74.0,0.0
0.0,0,3,892,0,1,74,74.0,0.0
0.0,0,3,892,0,1,74,74.0,0.0
0.0,0,3,892,0,1,74,74.0,0.0
0.0,0,3,892,0,1,74,74.0,0.0
0.0,0,3,892,0,1,74,74.0,0.0
1.003998,0,3,892,0,2,148,148.0,0.0
1.0039209999999998,0,3,892,0,2,148,148.0,0.0
1.003836,0,3,892,0,2,148,148.0,0.0
1.003794,0,3,892,0,2,148,148.0,0.0
1.003716,0,3,892,0,2,148,148.0,0.0
1.00363,0,3,892,0,2,148,148.0,0.0
1.0035379999999998,0,3,892,0,2,148,148.0,0.0
1.003501,0,3,892,0,2,148,148.0,0.0
1.003431,0,3,892,0,2,148,148.0,0.0
1.003356,0,3,892,0,2,148,148.0,0.0
0.0,0,3,892,0,1,74,74.0,0.0
0.0,0,3,892,0,1,74,74.0,0.0
0.0,0,3,892,0,1,74,74.0,0.0
0.0,0,3,892,0,1,74,74.0,0.0
0.0,0,3,892,0,1,74,74.0,0.0
0.0,0,3,892,0,1,74,74.0,0.0
0.0,0,3,892,0,1,74,74.0,0.0
0.0,0,3,892,0,1,74,74.0,0.0
0.0,0,3,892,0,1,74,74.0,0.0
0.0,0,3,892,0,1,74,74.0,0.0
0.0,0,3,892,0,1,74,74.0,0.0
0.0,0,3,892,0,1,74,74.0,0.0
0.0,0,3,892,0,1,74,74.0,0.0
0.0,0,3,892,0,1,74,74.0,0.0
0.0,0,3,892,0,1,74,74.0,0.0
0.0,0,3,892,0,1,74,74.0,0.0
0.0,0,3,892,0,1,74,74.0,0.0
0.0,0,3,892,0,1,74,74.0,0.0
0.0,0,3,892,0,1,74,74.0,0.0
0.0,0,3,892,0,1,74,74.0,0.0
0.0,0,3,892,0,1,74,74.0,0.0
0.0,0,3,892,0,1,74,74.0,0.0
0.0,0,3,892,0,1,74,74.0,0.0
0.0,0,3,892,0,1,74,74.0,0.0
0.0,0,3,892,0,1,74,74.0,0.0
0.0,0,3,892,0,1,74,74.0,0.0
0.0,0,3,892,0,1,74,74.0,0.0
0.0,0,3,892,0,1,74,74.0,0.0
0.0,0,3,892,0,1,74,74.0,0.0
0.0,0,3,892,0,1,74,74.0,0.0
1.0280040000000001,0,3,892,0,2,148,148.0,0.0
1.027843,0,3,892,0,2,148,148.0,0.0
1.027781,0,3,892,0,2,148,148.0,0.0
1.027569,0,3,892,0,2,148,148.0,0.0
1.027503,0,3,892,0,2,148,148.0,0.0
1.0271350000000001,0,3,892,0,2,148,148.0,0.0
1.027048,0,3,892,0,2,148,148.0,0.0
1.0269409999999999,0,3,892,0,2,148,148.0,0.0
1.026884,0,3,892,0,2,148,148.0,0.0
1.026784,0,3,892,0,2,148,148.0,0.0
0.0,0,3,892,0,1,74,74.0,0.0
0.0,0,3,892,0,1,74,74.0,0.0
0.0,0,3,892,0,1,74,74.0,0.0
0.0,0,3,892,0,1,74,74.0,0.0
0.0,0,3,892,0,1,74,74.0,0.0
0.0,0,3,892,0,1,74,74.0,0.0
0.0,0,3,892,0,1,74,74.0,0.0
0.0,0,3,892,0,1,74,74.0,0.0
0.0,0,3,892,0,1,74,74.0,0.0
0.0,0,3,892,0,1,74,74.0,0.0
1.026734,0,3,892,0,2,148,148.0,0.0
1.0265959999999998,0,3,892,0,2,148,148.0,0.0
1.026407,0,3,892,0,2,148,148.0,0.0
1.026322,0,3,892,0,2,148,148.0,0.0
1.026137,0,3,892,0,2,148,148.0,0.0
1.0259850000000001,0,3,892,0,2,148,148.0,0.0
1.025742,0,3,892,0,2,148,148.0,0.0
1.0256319999999999,0,3,892,0,2,148,148.0,0.0
1.025279,0,3,892,0,2,148,148.0,0.0
1.0251139999999999,0,3,892,0,2,148,148.0,0.0
0.0,0,3,892,0,1,74,74.0,0.0
0.0,0,3,892,0,1,74,74.0,0.0
0.0,0,3,892,0,1,74,74.0,0.0
0.0,0,3,892,0,1,74,74.0,0.0
0.0,0,3,892,0,1,74,74.0,0.0
0.0,0,3,892,0,1,74,74.0,0.0
0.0,0,3,892,0,1,74,74.0,0.0
0.0,0,3,892,0,1,74,74.0,0.0
0.0,0,3,892,0,1,74,74.0,0.0
0.0,0,3,892,0,1,74,74.0,0.0
0.0,0,3,892,0,1,74,74.0,0.0
0.0,0,3,892,0,1,74,74.0,0.0
0.0,0,3,892,0,1,74,74.0,0.0
0.0,0,3,892,0,1,74,74.0,0.0
0.0,0,3,892,0,1,74,74.0,0.0
0.0,0,3,892,0,1,74,74.0,0.0
0.0,0,3,892,0,1,74,74.0,0.0
0.0,0,3,892,0,1,74,74.0,0.0
0.0,0,3,892,0,1,74,74.0,0.0
0.0,0,3,892,0,1,74,74.0,0.0
0.0,0,3,892,0,1,74,74.0,0.0
0.0,0,3,892,0,1,74,74.0,0.0
0.0,0,3,892,0,1,74,74.0,0.0
0.0,0,3,892,0,1,74,74.0,0.0
0.0,0,3,892,0,1,74,74.0,0.0
0.0,0,3,892,0,1,74,74.0,0.0
0.0,0,3,892,0,1,74,74.0,0.0
0.0,0,3,892,0,1,74,74.0,0.0
0.0,0,3,892,0,1,74,74.0,0.0
1.037244,0,3,892,0,2,148,148.0,0.0
0.0,0,3,892,0,1,74,74.0,0.0
0.0,0,3,892,0,1,74,74.0,0.0
0.0,0,3,892,0,1,74,74.0,0.0
0.0,0,3,892,0,1,74,74.0,0.0
0.0,0,3,892,0,1,74,74.0,0.0
0.0,0,3,892,0,1,74,74.0,0.0
0.0,0,3,892,0,1,74,74.0,0.0
0.0,0,3,892,0,1,74,74.0,0.0
0.0,0,3,892,0,1,74,74.0,0.0
0.0,0,3,892,0,1,74,74.0,0.0
0.0,0,3,892,0,1,74,74.0,0.0
0.0,0,3,892,0,1,74,74.0,0.0
0.0,0,3,892,0,1,74,74.0,0.0
0.0,0,3,892,0,1,74,74.0,0.0
0.0,0,3,892,0,1,74,74.0,0.0
0.0,0,3,892,0,1,74,74.0,0.0
0.0,0,3,892,0,1,74,74.0,0.0
0.0,0,3,892,0,1,74,74.0,0.0
0.0,0,3,892,0,1,74,74.0,0.0
0.0,0,3,892,0,1,74,74.0,0.0
4.255852,1,3,85813,0,2,432,432.0,0.0
4.255852,1,3,85813,0,4,368,368.0,0.0
0.0,0,3,892,0,1,74,74.0,0.0
0.0,0,3,892,0,1,74,74.0,0.0
0.0,0,3,892,0,1,74,74.0,0.0
0.0,0,3,892,0,1,74,74.0,0.0
0.0,0,3,892,0,1,74,74.0,0.0
0.0,0,3,892,0,1,74,74.0,0.0
0.0,0,3,892,0,1,74,74.0,0.0
0.0,0,3,892,0,1,74,74.0,0.0
0.0,0,3,892,0,1,74,74.0,0.0
0.0,0,3,892,0,1,74,74.0,0.0
0.0,0,3,892,0,1,74,74.0,0.0
0.0,0,3,892,0,1,74,74.0,0.0
0.0,0,3,892,0,1,74,74.0,0.0
0.0,0,3,892,0,1,74,74.0,0.0
0.0,0,3,892,0,1,74,74.0,0.0
0.0,0,3,892,0,1,74,74.0,0.0
0.0,0,3,892,0,1,74,74.0,0.0
0.0,0,3,892,0,1,74,74.0,0.0
0.0,0,3,892,0,1,74,74.0,0.0
0.0,0,3,892,0,1,74,74.0,0.0
1.018478,0,3,892,0,2,148,148.0,0.0
1.018373,0,3,892,0,2,148,148.0,0.0
1.018327,0,3,892,0,2,148,148.0,0.0
1.018276,0,3,892,0,2,148,148.0,0.0
1.01823,0,3,892,0,2,148,148.0,0.0
1.0181209999999998,0,3,892,0,2,148,148.0,0.0
1.0180719999999999,0,3,892,0,2,148,148.0,0.0
1.018016,0,3,892,0,2,148,148.0,0.0
1.01796,0,3,892,0,2,148,148.0,0.0
1.01786,0,3,892,0,2,148,148.0,0.0
1.01393,0,3,892,0,2,148,148.0,0.0
1.013806,0,3,892,0,2,148,148.0,0.0
1.013731,0,3,892,0,2,148,148.0,0.0
1.01366,0,3,892,0,2,148,148.0,0.0
1.013574,0,3,892,0,2,148,148.0,0.0
1.013475,0,3,892,0,2,148,148.0,0.0
1.0134040000000002,0,3,892,0,2,148,148.0,0.0
1.01329,0,3,892,0,2,148,148.0,0.0
1.0131780000000001,0,3,892,0,2,148,148.0,0.0
1.013046,0,3,892,0,2,148,148.0,0.0
4.255932,1,3,892,0,4,368,368.0,0.0
0.0,0,3,892,0,1,74,74.0,0.0
0.0,0,3,892,0,1,74,74.0,0.0
0.0,0,3,892,0,1,74,74.0,0.0
0.0,0,3,892,0,1,74,74.0,0.0
0.0,0,3,892,0,1,74,74.0,0.0
0.0,0,3,892,0,1,74,74.0,0.0
0.0,0,3,892,0,1,74,74.0,0.0
0.0,0,3,892,0,1,74,74.0,0.0
0.0,0,3,892,0,1,74,74.0,0.0
0.0,0,3,892,0,1,74,74.0,0.0
1.011449,0,3,892,0,2,148,148.0,0.0
1.011301,0,3,892,0,2,148,148.0,0.0
1.01115,0,3,892,0,2,148,148.0,0.0
1.0110290000000002,0,3,892,0,2,148,148.0,0.0
1.010903,0,3,892,0,2,148,148.0,0.0
1.010692,0,3,892,0,2,148,148.0,0.0
1.0106,0,3,892,0,2,148,148.0,0.0
1.010523,0,3,892,0,2,148,148.0,0.0
1.010425,0,3,892,0,2,148,148.0,0.0
1.010275,0,3,892,0,2,148,148.0,0.0
0.0,0,3,892,0,1,74,74.0,0.0
0.0,0,3,892,0,1,74,74.0,0.0
0.0,0,3,892,0,1,74,74.0,0.0
0.0,0,3,892,0,1,74,74.0,0.0
0.0,0,3,892,0,1,74,74.0,0.0
0.0,0,3,892,0,1,74,74.0,0.0
0.0,0,3,892,0,1,74,74.0,0.0
0.0,0,3,892,0,1,74,74.0,0.0
0.0,0,3,892,0,1,74,74.0,0.0
0.0,0,3,892,0,1,74,74.0,0.0
0.0,0,3,892,0,1,74,74.0,0.0
0.0,0,3,892,0,1,74,74.0,0.0
0.0,0,3,892,0,1,74,74.0,0.0
0.0,0,3,892,0,1,74,74.0,0.0
0.0,0,3,892,0,1,74,74.0,0.0
0.0,0,3,892,0,1,74,74.0,0.0
0.0,0,3,892,0,1,74,74.0,0.0
0.0,0,3,892,0,1,74,74.0,0.0
0.0,0,3,892,0,1,74,74.0,0.0
0.0,0,3,892,0,1,74,74.0,0.0
0.0,1,3,892,0,1,216,216.0,0.0
0.0,0,3,892,0,1,74,74.0,0.0
0.0,0,3,892,0,1,74,74.0,0.0
0.0,0,3,892,0,1,74,74.0,0.0
0.0,0,3,892,0,1,74,74.0,0.0
0.0,0,3,892,0,1,74,74.0,0.0
0.0,0,3,892,0,1,74,74.0,0.0
0.0,0,3,892,0,1,74,74.0,0.0
0.0,0,3,892,0,1,74,74.0,0.0
0.0,0,3,892,0,1,74,74.0,0.0
0.0,0,3,892,0,1,74,74.0,0.0
0.0006230000000000001,3,4,2190507,2,102,42,0.0,0.0
4.255205,1,3,892,0,4,368,368.0,0.0
1.009308,0,3,892,0,2,148,148.0,0.0
1.0092219999999998,0,3,892,0,2,148,148.0,0.0
1.009182,0,3,892,0,2,148,148.0,0.0
1.009106,0,3,892,0,2,148,148.0,0.0
1.009072,0,3,892,0,2,148,148.0,0.0
1.009033,0,3,892,0,2,148,148.0,0.0
1.008992,0,3,892,0,2,148,148.0,0.0
1.008952,0,3,892,0,2,148,148.0,0.0
1.0088979999999999,0,3,892,0,2,148,148.0,0.0
1.008783,0,3,892,0,2,148,148.0,0.0
1.024009,0,3,892,0,2,148,148.0,0.0
1.023922,0,3,892,0,2,148,148.0,0.0
1.023862,0,3,892,0,2,148,148.0,0.0
1.023787,0,3,892,0,2,148,148.0,0.0
1.023726,0,3,892,0,2,148,148.0,0.0
1.023667,0,3,892,0,2,148,148.0,0.0
1.023615,0,3,892,0,2,148,148.0,0.0
1.023564,0,3,892,0,2,148,148.0,0.0
1.0235040000000002,0,3,892,0,2,148,148.0,0.0
1.0234159999999999,0,3,892,0,2,148,148.0,0.0
0.0,0,3,892,0,1,74,74.0,0.0
0.0,0,3,892,0,1,74,74.0,0.0
0.0,0,3,892,0,1,74,74.0,0.0
0.0,0,3,892,0,1,74,74.0,0.0
0.0,0,3,892,0,1,74,74.0,0.0
0.0,0,3,892,0,1,74,74.0,0.0
0.0,0,3,892,0,1,74,74.0,0.0
0.0,0,3,892,0,1,74,74.0,0.0
0.0,0,3,892,0,1,74,74.0,0.0
0.0,0,3,892,0,1,74,74.0,0.0
0.0,0,3,892,0,1,74,74.0,0.0
0.0,0,3,892,0,1,74,74.0,0.0
0.0,0,3,892,0,1,74,74.0,0.0
0.0,0,3,892,0,1,74,74.0,0.0
0.0,0,3,892,0,1,74,74.0,0.0
0.0,0,3,892,0,1,74,74.0,0.0
0.0,0,3,892,0,1,74,74.0,0.0
0.0,0,3,892,0,1,74,74.0,0.0
0.0,0,3,892,0,1,74,74.0,0.0
0.0,0,3,892,0,1,74,74.0,0.0
0.0,0,3,892,0,1,74,74.0,0.0
0.0,0,3,892,0,1,74,74.0,0.0
0.0,0,3,892,0,1,74,74.0,0.0
0.0,0,3,892,0,1,74,74.0,0.0
0.0,0,3,892,0,1,74,74.0,0.0
0.0,0,3,892,0,1,74,74.0,0.0
0.0,0,3,892,0,1,74,74.0,0.0
0.0,0,3,892,0,1,74,74.0,0.0
0.0,0,3,892,0,1,74,74.0,0.0
0.0,0,3,892,0,1,74,74.0,0.0
0.0,0,3,892,0,1,74,74.0,0.0
0.0,0,3,892,0,1,74,74.0,0.0
0.0,0,3,892,0,1,74,74.0,0.0
0.0,0,3,892,0,1,74,74.0,0.0
0.0,0,3,892,0,1,74,74.0,0.0
0.0,0,3,892,0,1,74,74.0,0.0
0.0,0,3,892,0,1,74,74.0,0.0
0.0,0,3,892,0,1,74,74.0,0.0
0.0,0,3,892,0,1,74,74.0,0.0
0.0,0,3,892,0,1,74,74.0,0.0
0.0,0,3,892,0,1,74,74.0,0.0
0.0,0,3,892,0,1,74,74.0,0.0
0.0,0,3,892,0,1,74,74.0,0.0
0.0,0,3,892,0,1,74,74.0,0.0
0.0,0,3,892,0,1,74,74.0,0.0
0.0,0,3,892,0,1,74,74.0,0.0
0.0,0,3,892,0,1,74,74.0,0.0
0.0,0,3,892,0,1,74,74.0,0.0
0.0,0,3,892,0,1,74,74.0,0.0
0.0,0,3,892,0,1,74,74.0,0.0
0.0,0,3,892,0,1,74,74.0,0.0
0.0,0,3,892,0,1,74,74.0,0.0
0.0,0,3,892,0,1,74,74.0,0.0
0.0,0,3,892,0,1,74,74.0,0.0
0.0,0,3,892,0,1,74,74.0,0.0
0.0,0,3,892,0,1,74,74.0,0.0
0.0,0,3,892,0,1,74,74.0,0.0
0.0,0,3,892,0,1,74,74.0,0.0
0.0,0,3,892,0,1,74,74.0,0.0
0.0,0,3,892,0,1,74,74.0,0.0
0.0,0,3,892,0,1,74,74.0,0.0
0.0,0,3,892,0,1,74,74.0,0.0
0.0,0,3,892,0,1,74,74.0,0.0
0.0,0,3,892,0,1,74,74.0,0.0
0.0,0,3,892,0,1,74,74.0,0.0
0.0,0,3,892,0,1,74,74.0,0.0
0.0,0,3,892,0,1,74,74.0,0.0
0.0,0,3,892,0,1,74,74.0,0.0
0.0,0,3,892,0,1,74,74.0,0.0
0.0,0,3,892,0,1,74,74.0,0.0
1.015706,0,3,892,0,2,148,148.0,0.0
1.015586,0,3,892,0,2,148,148.0,0.0
1.0155290000000001,0,3,892,0,2,148,148.0,0.0
1.015474,0,3,892,0,2,148,148.0,0.0
1.0154100000000001,0,3,892,0,2,148,148.0,0.0
1.015347,0,3,892,0,2,148,148.0,0.0
1.0151940000000002,0,3,892,0,2,148,148.0,0.0
1.015091,0,3,892,0,2,148,148.0,0.0
1.014989,0,3,892,0,2,148,148.0,0.0
1.014835,0,3,892,0,2,148,148.0,0.0
0.0,3,4,85813,1,60,60,0.0,0.0
0.0,0,3,892,0,1,74,74.0,0.0
0.0,0,3,892,0,1,74,74.0,0.0
0.0,0,3,892,0,1,74,74.0,0.0
0.0,0,3,892,0,1,74,74.0,0.0
0.0,0,3,892,0,1,74,74.0,0.0
0.0,0,3,892,0,1,74,74.0,0.0
0.0,0,3,892,0,1,74,74.0,0.0
0.0,0,3,892,0,1,74,74.0,0.0
0.0,0,3,892,0,1,74,74.0,0.0
0.0,0,3,892,0,1,74,74.0,0.0
0.0,0,3,892,0,1,74,74.0,0.0
0.0,0,3,892,0,1,74,74.0,0.0
0.0,0,3,892,0,1,74,74.0,0.0
0.0,0,3,892,0,1,74,74.0,0.0
0.0,0,3,892,0,1,74,74.0,0.0
0.0,0,3,892,0,1,74,74.0,0.0
0.0,0,3,892,0,1,74,74.0,0.0
0.0,0,3,892,0,1,74,74.0,0.0
0.0,0,3,892,0,1,74,74.0,0.0
0.0,0,3,892,0,1,74,74.0,0.0
0.0,0,3,892,0,1,74,74.0,0.0
0.0,0,3,892,0,1,74,74.0,0.0
0.0,0,3,892,0,1,74,74.0,0.0
0.0,0,3,892,0,1,74,74.0,0.0
0.0,0,3,892,0,1,74,74.0,0.0
0.0,0,3,892,0,1,74,74.0,0.0
0.0,0,3,892,0,1,74,74.0,0.0
0.0,0,3,892,0,1,74,74.0,0.0
0.0,0,3,892,0,1,74,74.0,0.0
0.0,0,3,892,0,1,74,74.0,0.0
0.0,0,3,892,0,1,74,74.0,0.0
0.0,0,3,892,0,1,74,74.0,0.0
0.0,0,3,892,0,1,74,74.0,0.0
0.0,0,3,892,0,1,74,74.0,0.0
0.0,0,3,892,0,1,74,74.0,0.0
0.0,0,3,892,0,1,74,74.0,0.0
0.0,0,3,892,0,1,74,74.0,0.0
0.0,0,3,892,0,1,74,74.0,0.0
0.0,0,3,892,0,1,74,74.0,0.0
0.0,0,3,892,0,1,74,74.0,0.0
0.0,0,3,892,0,1,74,74.0,0.0
0.0,0,3,892,0,1,74,74.0,0.0
0.0,0,3,892,0,1,74,74.0,0.0
0.0,0,3,892,0,1,74,74.0,0.0
0.0,0,3,892,0,1,74,74.0,0.0
0.0,0,3,892,0,1,74,74.0,0.0
0.0,0,3,892,0,1,74,74.0,0.0
0.0,0,3,892,0,1,74,74.0,0.0
0.0,0,3,892,0,1,74,74.0,0.0
0.0,0,3,892,0,1,74,74.0,0.0
0.0,0,3,892,0,1,74,74.0,0.0
0.0,0,3,892,0,1,74,74.0,0.0
0.0,0,3,892,0,1,74,74.0,0.0
0.0,0,3,892,0,1,74,74.0,0.0
0.0,0,3,892,0,1,74,74.0,0.0
0.0,0,3,892,0,1,74,74.0,0.0
0.0,0,3,892,0,1,74,74.0,0.0
0.0,0,3,892,0,1,74,74.0,0.0
0.0,0,3,892,0,1,74,74.0,0.0
0.0,0,3,892,0,1,74,74.0,0.0
1.0119719999999999,0,3,892,0,2,148,148.0,0.0
1.011841,0,3,892,0,2,148,148.0,0.0
1.011759,0,3,892,0,2,148,148.0,0.0
1.01168,0,3,892,0,2,148,148.0,0.0
1.011599,0,3,892,0,2,148,148.0,0.0
1.011475,0,3,892,0,2,148,148.0,0.0
1.011372,0,3,892,0,2,148,148.0,0.0
1.0112700000000001,0,3,892,0,2,148,148.0,0.0
1.0111700000000001,0,3,892,0,2,148,148.0,0.0
1.011024,0,3,892,0,2,148,148.0,0.0
0.0,0,3,892,0,1,74,74.0,0.0
0.0,0,3,892,0,1,74,74.0,0.0
0.0,0,3,892,0,1,74,74.0,0.0
0.0,0,3,892,0,1,74,74.0,0.0
0.0,0,3,892,0,1,74,74.0,0.0
0.0,0,3,892,0,1,74,74.0,0.0
0.0,0,3,892,0,1,74,74.0,0.0
0.0,0,3,892,0,1,74,74.0,0.0
0.0,0,3,892,0,1,74,74.0,0.0
0.0,0,3,892,0,1,74,74.0,0.0
0.0,0,3,892,0,1,74,74.0,0.0
0.0,0,3,892,0,1,74,74.0,0.0
0.0,0,3,892,0,1,74,74.0,0.0
0.0,0,3,892,0,1,74,74.0,0.0
0.0,0,3,892,0,1,74,74.0,0.0
0.0,0,3,892,0,1,74,74.0,0.0
0.0,0,3,892,0,1,74,74.0,0.0
0.0,0,3,892,0,1,74,74.0,0.0
0.0,0,3,892,0,1,74,74.0,0.0
0.0,0,3,892,0,1,74,74.0,0.0
0.0,0,3,892,0,1,74,74.0,0.0
0.0,0,3,892,0,1,74,74.0,0.0
0.0,0,3,892,0,1,74,74.0,0.0
0.0,0,3,892,0,1,74,74.0,0.0
0.0,0,3,892,0,1,74,74.0,0.0
0.0,0,3,892,0,1,74,74.0,0.0
0.0,0,3,892,0,1,74,74.0,0.0
0.0,0,3,892,0,1,74,74.0,0.0
0.0,0,3,892,0,1,74,74.0,0.0
0.0,0,3,892,0,1,74,74.0,0.0
0.0,0,3,892,0,1,74,74.0,0.0
0.0,0,3,892,0,1,74,74.0,0.0
0.0,0,3,892,0,1,74,74.0,0.0
0.0,0,3,892,0,1,74,74.0,0.0
0.0,0,3,892,0,1,74,74.0,0.0
0.0,0,3,892,0,1,74,74.0,0.0
0.0,0,3,892,0,1,74,74.0,0.0
0.0,0,3,892,0,1,74,74.0,0.0
0.0,0,3,892,0,1,74,74.0,0.0
0.0,0,3,892,0,1,74,74.0,0.0
0.0,0,3,892,0,1,74,74.0,0.0
0.0,0,3,892,0,1,74,74.0,0.0
0.0,0,3,892,0,1,74,74.0,0.0
0.0,0,3,892,0,1,74,74.0,0.0
0.0,0,3,892,0,1,74,74.0,0.0
0.0,0,3,892,0,1,74,74.0,0.0
0.0,0,3,892,0,1,74,74.0,0.0
0.0,0,3,892,0,1,74,74.0,0.0
0.0,0,3,892,0,1,74,74.0,0.0
0.0,0,3,892,0,1,74,74.0,0.0
0.0,0,3,892,0,1,74,74.0,0.0
0.0,0,3,892,0,1,74,74.0,0.0
0.0,0,3,892,0,1,74,74.0,0.0
0.0,0,3,892,0,1,74,74.0,0.0
0.0,0,3,892,0,1,74,74.0,0.0
0.0,0,3,892,0,1,74,74.0,0.0
0.0,0,3,892,0,1,74,74.0,0.0
0.0,0,3,892,0,1,74,74.0,0.0
0.0,0,3,892,0,1,74,74.0,0.0
0.0,0,3,892,0,1,74,74.0,0.0
1.007925,0,3,892,0,2,148,148.0,0.0
1.0077479999999999,0,3,892,0,2,148,148.0,0.0
1.007629,0,3,892,0,2,148,148.0,0.0
1.007528,0,3,892,0,2,148,148.0,0.0
1.007417,0,3,892,0,2,148,148.0,0.0
1.007319,0,3,892,0,2,148,148.0,0.0
1.007219,0,3,892,0,2,148,148.0,0.0
1.00711,0,3,892,0,2,148,148.0,0.0
1.007008,0,3,892,0,2,148,148.0,0.0
1.006852,0,3,892,0,2,148,148.0,0.0
0.0,0,3,892,0,1,74,74.0,0.0
0.0,0,3,892,0,1,74,74.0,0.0
0.0,0,3,892,0,1,74,74.0,0.0
0.0,0,3,892,0,1,74,74.0,0.0
0.0,0,3,892,0,1,74,74.0,0.0
0.0,0,3,892,0,1,74,74.0,0.0
0.0,0,3,892,0,1,74,74.0,0.0
0.0,0,3,892,0,1,74,74.0,0.0
0.0,0,3,892,0,1,74,74.0,0.0
0.0,0,3,892,0,1,74,74.0,0.0
0.0,0,3,892,0,1,74,74.0,0.0
0.0,0,3,892,0,1,74,74.0,0.0
0.0,0,3,892,0,1,74,74.0,0.0
0.0,0,3,892,0,1,74,74.0,0.0
0.0,0,3,892,0,1,74,74.0,0.0
0.0,0,3,892,0,1,74,74.0,0.0
0.0,0,3,892,0,1,74,74.0,0.0
0.0,0,3,892,0,1,74,74.0,0.0
0.0,0,3,892,0,1,74,74.0,0.0
0.0,0,3,892,0,1,74,74.0,0.0
0.0,0,3,892,0,1,74,74.0,0.0
0.0,0,3,892,0,1,74,74.0,0.0
0.0,0,3,892,0,1,74,74.0,0.0
0.0,0,3,892,0,1,74,74.0,0.0
0.0,0,3,892,0,1,74,74.0,0.0
0.0,0,3,892,0,1,74,74.0,0.0
0.0,0,3,892,0,1,74,74.0,0.0
0.0,0,3,892,0,1,74,74.0,0.0
0.0,0,3,892,0,1,74,74.0,0.0
0.0,0,3,892,0,1,74,74.0,0.0
1.026909,0,3,892,0,2,148,148.0,0.0
1.026808,0,3,892,0,2,148,148.0,0.0
1.026758,0,3,892,0,2,148,148.0,0.0
1.0266950000000001,0,3,892,0,2,148,148.0,0.0
1.026643,0,3,892,0,2,148,148.0,0.0
1.026578,0,3,892,0,2,148,148.0,0.0
1.026449,0,3,892,0,2,148,148.0,0.0
1.026374,0,3,892,0,2,148,148.0,0.0
1.026309,0,3,892,0,2,148,148.0,0.0
1.02619,0,3,892,0,2,148,148.0,0.0
0.0,0,3,892,0,1,74,74.0,0.0
0.0,0,3,892,0,1,74,74.0,0.0
0.0,0,3,892,0,1,74,74.0,0.0
0.0,0,3,892,0,1,74,74.0,0.0
0.0,0,3,892,0,1,74,74.0,0.0
0.0,0,3,892,0,1,74,74.0,0.0
0.0,0,3,892,0,1,74,74.0,0.0
0.0,0,3,892,0,1,74,74.0,0.0
0.0,0,3,892,0,1,74,74.0,0.0
0.0,0,3,892,0,1,74,74.0,0.0
0.0,0,3,892,0,1,74,74.0,0.0
0.0,0,3,892,0,1,74,74.0,0.0
0.0,0,3,892,0,1,74,74.0,0.0
0.0,0,3,892,0,1,74,74.0,0.0
0.0,0,3,892,0,1,74,74.0,0.0
0.0,0,3,892,0,1,74,74.0,0.0
0.0,0,3,892,0,1,74,74.0,0.0
0.0,0,3,892,0,1,74,74.0,0.0
0.0,0,3,892,0,1,74,74.0,0.0
0.0,0,3,892,0,1,74,74.0,0.0
0.001023,3,4,2190507,2,102,42,0.0,0.0
0.0,0,3,892,0,1,74,74.0,0.0
0.0,0,3,892,0,1,74,74.0,0.0
0.0,0,3,892,0,1,74,74.0,0.0
0.0,0,3,892,0,1,74,74.0,0.0
0.0,0,3,892,0,1,74,74.0,0.0
0.0,0,3,892,0,1,74,74.0,0.0
0.0,0,3,892,0,1,74,74.0,0.0
0.0,0,3,892,0,1,74,74.0,0.0
0.0,0,3,892,0,1,74,74.0,0.0
0.0,0,3,892,0,1,74,74.0,0.0
0.0,0,3,892,0,1,74,74.0,0.0
0.0,0,3,892,0,1,74,74.0,0.0
0.0,0,3,892,0,1,74,74.0,0.0
0.0,0,3,892,0,1,74,74.0,0.0
0.0,0,3,892,0,1,74,74.0,0.0
0.0,0,3,892,0,1,74,74.0,0.0
0.0,0,3,892,0,1,74,74.0,0.0
0.0,0,3,892,0,1,74,74.0,0.0
0.0,0,3,892,0,1,74,74.0,0.0
0.0,0,3,892,0,1,74,74.0,0.0
0.0,0,3,892,0,1,74,74.0,0.0
0.0,0,3,892,0,1,74,74.0,0.0
0.0,0,3,892,0,1,74,74.0,0.0
0.0,0,3,892,0,1,74,74.0,0.0
0.0,0,3,892,0,1,74,74.0,0.0
0.0,0,3,892,0,1,74,74.0,0.0
0.0,0,3,892,0,1,74,74.0,0.0
0.0,0,3,892,0,1,74,74.0,0.0
0.0,0,3,892,0,1,74,74.0,0.0
0.0,0,3,892,0,1,74,74.0,0.0
1.012815,0,3,892,0,2,148,148.0,0.0
1.012717,0,3,892,0,2,148,148.0,0.0
1.0126600000000001,0,3,892,0,2,148,148.0,0.0
1.012576,0,3,892,0,2,148,148.0,0.0
1.012519,0,3,892,0,2,148,148.0,0.0
1.012468,0,3,892,0,2,148,148.0,0.0
1.012404,0,3,892,0,2,148,148.0,0.0
1.0123540000000002,0,3,892,0,2,148,148.0,0.0
1.012305,0,3,892,0,2,148,148.0,0.0
1.01219,0,3,892,0,2,148,148.0,0.0
0.0,0,3,892,0,1,74,74.0,0.0
0.0,0,3,892,0,1,74,74.0,0.0
0.0,0,3,892,0,1,74,74.0,0.0
0.0,0,3,892,0,1,74,74.0,0.0
0.0,0,3,892,0,1,74,74.0,0.0
0.0,0,3,892,0,1,74,74.0,0.0
0.0,0,3,892,0,1,74,74.0,0.0
0.0,0,3,892,0,1,74,74.0,0.0
0.0,0,3,892,0,1,74,74.0,0.0
0.0,0,3,892,0,1,74,74.0,0.0
0.0,0,3,892,0,1,74,74.0,0.0
0.0,0,3,892,0,1,74,74.0,0.0
0.0,0,3,892,0,1,74,74.0,0.0
0.0,0,3,892,0,1,74,74.0,0.0
0.0,0,3,892,0,1,74,74.0,0.0
0.0,0,3,892,0,1,74,74.0,0.0
0.0,0,3,892,0,1,74,74.0,0.0
0.0,0,3,892,0,1,74,74.0,0.0
0.0,0,3,892,0,1,74,74.0,0.0
0.0,0,3,892,0,1,74,74.0,0.0
0.0,0,3,892,0,1,74,74.0,0.0
0.0,0,3,892,0,1,74,74.0,0.0
0.0,0,3,892,0,1,74,74.0,0.0
0.0,0,3,892,0,1,74,74.0,0.0
0.0,0,3,892,0,1,74,74.0,0.0
0.0,0,3,892,0,1,74,74.0,0.0
0.0,0,3,892,0,1,74,74.0,0.0
0.0,0,3,892,0,1,74,74.0,0.0
0.0,0,3,892,0,1,74,74.0,0.0
0.0,0,3,892,0,1,74,74.0,0.0
0.0,0,3,892,0,1,74,74.0,0.0
0.0,0,3,892,0,1,74,74.0,0.0
0.0,0,3,892,0,1,74,74.0,0.0
0.0,0,3,892,0,1,74,74.0,0.0
0.0,0,3,892,0,1,74,74.0,0.0
0.0,0,3,892,0,1,74,74.0,0.0
0.0,0,3,892,0,1,74,74.0,0.0
0.0,0,3,892,0,1,74,74.0,0.0
0.0,0,3,892,0,1,74,74.0,0.0
0.0,0,3,892,0,1,74,74.0,0.0
1.00336,0,3,892,0,2,148,148.0,0.0
1.0032,0,3,892,0,2,148,148.0,0.0
1.003104,0,3,892,0,2,148,148.0,0.0
1.0029780000000001,0,3,892,0,2,148,148.0,0.0
1.002853,0,3,892,0,2,148,148.0,0.0
1.002748,0,3,892,0,2,148,148.0,0.0
1.002651,0,3,892,0,2,148,148.0,0.0
1.002532,0,3,892,0,2,148,148.0,0.0
1.002286,0,3,892,0,2,148,148.0,0.0
1.002098,0,3,892,0,2,148,148.0,0.0
0.0,0,3,892,0,1,74,74.0,0.0
0.0,0,3,892,0,1,74,74.0,0.0
0.0,0,3,892,0,1,74,74.0,0.0
0.0,0,3,892,0,1,74,74.0,0.0
0.0,0,3,892,0,1,74,74.0,0.0
0.0,0,3,892,0,1,74,74.0,0.0
0.0,0,3,892,0,1,74,74.0,0.0
0.0,0,3,892,0,1,74,74.0,0.0
0.0,0,3,892,0,1,74,74.0,0.0
0.0,0,3,892,0,1,74,74.0,0.0
1.011717,0,3,892,0,2,148,148.0,0.0
1.0115889999999998,0,3,892,0,2,148,148.0,0.0
1.0115239999999999,0,3,892,0,2,148,148.0,0.0
1.011463,0,3,892,0,2,148,148.0,0.0
1.011383,0,3,892,0,2,148,148.0,0.0
1.011295,0,3,892,0,2,148,148.0,0.0
1.01121,0,3,892,0,2,148,148.0,0.0
1.011123,0,3,892,0,2,148,148.0,0.0
1.0110299999999999,0,3,892,0,2,148,148.0,0.0
1.010842,0,3,892,0,2,148,148.0,0.0
0.0,1,3,85813,0,1,218,218.0,0.0
0.0,1,3,85813,221,1,238,238.0,0.0
